,,yield per colony,stocks december,average price per pound,value of production,lost colonies,percent lost,added colonies,renovated colonies,percent renovated,varroa mites,other pests and parasites,diseases,pesticides,other,unknown,TAVG,PRCP,SNOW,DP10,EVAP,AWND
2015,Alabama,47,-0.49208222064036927,0.6687363347981371,-0.5768713428156037,-0.39068082702733103,0.24115030266892767,-0.4034420668911279,-0.3954189860250452,-0.5167802496708994,-0.29394383692613607,2.7929423161554086,-0.4468045117727502,-0.6924144729683486,-0.8178856881909241,0.9966575189626038,1.174034793083663,1.5279920458199088,-0.8345838402750038,0.8458993509585196,-0.30902660919628333,-1.1976311547128422
2015,Arizona,49,-0.33435278693118636,-0.7531231151616009,-0.4647212067255903,-0.12868661454593638,0.5832102871795484,-0.09939113981334809,0.07279718934504875,2.6764976536820764,0.12616618502183322,0.41540483190595245,-0.3748383558792803,0.761535709419182,0.8409211822765962,0.5745700756773932,0.6038705433032976,-1.8379022230285986,-0.7273166390365351,-2.0192281867915534,0.05811247696995443,-0.05191251381844631
2015,Arkansas,72,-0.433943043710022,-0.7294254576622718,-0.38234244914514304,-0.27740718757208016,0.2900160147418735,-0.28114763224701694,-0.34127963156674973,0.40572225574218246,1.0833929989563305,1.9321609548166543,-0.3388552779325454,0.2563496290980905,0.6760708100562217,0.042372864578649555,0.8036921585504816,1.891617288073444,-0.8225065472355026,0.4510000149732498,-0.38623516503285943,-0.896219019616881
2015,California,30,0.3003332278917713,-0.7531231151616009,0.7330693116053073,6.087386058027998,-0.12534253787816596,5.543485923292874,6.455291635813116,0.72505004607748,0.3690945266256984,0.6647346055351087,0.6326878266292979,1.5131540240432435,1.113954611266592,0.04237286457864977,0.6658049919924254,-1.7992435806579832,-0.7331996826861601,-2.466112079409297,-0.05338221067811399,-0.8193999064899261
2015,Colorado,51,-0.2842884956856096,-0.5714410743334121,-0.40069582737405174,-0.3266079786483984,-0.17420824995111178,-0.33049873284158926,-0.35032268857516835,-0.4103376528924669,0.07490607624303566,-0.44537652943280226,0.4023961277701944,0.3795657462495761,-0.410911331771874,-0.4531210905822496,-1.1051848539831284,-1.2485224838578872,1.6644293346492218,-0.4891417858441922,-0.08202978579464454,0.5852389662364808
2015,Florida,54,-0.05119346225190245,-0.8005184301602588,1.2960190143316492,1.2343989382275167,0.16785173455950894,1.5231767529057616,0.8509760424379115,0.40572225574218246,-0.008670188070220783,0.7537809532598074,-0.1985212739402791,0.9340382734312611,0.7172834031113152,-0.2573703922470796,2.383321903194193,0.9671142889962919,-1.0936219918777417,0.5277097258699476,0.08156127056673743,-0.12523806899757092
2015,Georgia,40,-0.38011047247821894,-0.4371543485038813,-0.11617617593603874,0.32306610351844023,0.19228459059598185,0.6914301550801647,0.13586061321954682,0.2992796589637499,0.47495779475582356,0.23434392486573166,-0.14454665702017672,1.8745879676876018,0.03727561770226964,-0.3552457414146646,1.2327638097411264,1.3391562197433744,-1.0320244246827905,1.0792977959796954,-0.17273718937616656,-1.2333781405616038
2015,Hawaii,102,-0.4608593293259235,-0.8479137451589167,-0.4527957397657925,-0.39940278544540564,-0.5651339465346783,-0.3617945527308302,-0.3124846342504695,1.0088969708199669,0.40141068216015763,3.843689219306854,-0.6051300547383839,-1.201707757194489,-1.0033423569388455,-1.0464903949107338,2.069363915414695,2.214579449224758,-1.0936219918777417,1.6978190062278538,-0.4292745960762307,0.7733868031716169
2015,Idaho,32,0.08338796582760512,-0.8321153068260307,-0.2185152895626724,0.07370754874528185,-0.32080538616994925,-0.10059482519370351,0.01211351731487139,0.1928370621853174,0.10499353139580786,-0.9677817694177016,-0.11935850245746228,-0.17079957702705953,-0.11727160625433164,-0.44088667193630154,-0.9290333801324557,-1.2076898627077493,0.2580724786993884,-0.04583459400518876,-0.4703549633749432,-1.4924782178584464
2015,Illinois,51,-0.41563996949120896,1.3243715256129052,-0.5226569859274449,-0.3580293929494108,0.412180294924238,-0.3473503281665652,-0.3743581822028072,-0.10875029535357474,-1.0149284104018281,-0.9024811144195891,-0.5907368235596899,-0.9593827267965674,-0.7612183727401702,-0.11055736849570208,-0.24114853283619242,0.38110221972169916,0.2441491272664162,0.2694052339011751,-0.5511843342438553,0.6702422247140403
2015,Indiana,53,-0.4102567123680287,0.19478318481155782,-0.59657796552222,-0.37469056992752764,0.021254598340671494,-0.37948872782205495,-0.352702440419489,0.22831792777812826,-0.8009731737598919,-0.9232585955553521,0.038967040508171465,-0.8608098330753788,-0.6839447607618696,-0.07997132188083175,-0.2172141674662983,0.4268712340923607,0.08318464183690288,0.41449384727907945,-0.13483245565450955,0.27215637697080924
2015,Iowa,50,0.03386200029434633,-0.6188363893320701,-0.3485113372024542,-0.3109531814877517,-0.1986411059875847,-0.3560168629051242,-0.3617454974279076,-0.499039816874494,0.004702014219900439,-1.0419870591882838,-0.4971808208981791,-0.37205256837448597,2.1133599928526134,0.011786817963779226,-0.5779616305039862,0.166854454723917,0.3079385924836574,-0.13158993356975127,-0.12969205515832058,1.3292251027140445
2015,Kansas,36,-0.4414796036824744,0.40806210230551854,-0.5981849433394977,-0.36831683108355,0.7786731354713317,-0.42197882174860135,-0.4023202663735752,-0.7828867416169807,-0.22151107452131366,0.19575717418502875,-0.5943351313543636,0.4288521931101705,1.4591100781030015,0.7764379833355376,0.2166982557889845,-0.5007851821003483,-0.7520402417267157,-1.0913526830686628,-0.042813955987022215,1.143055124874749
2015,Kentucky,46,-0.469472540723012,0.8346199372934399,-0.6048665879481787,-0.3592594127263187,0.6076431432160213,-0.4142752353143267,-0.3857809910555465,-0.2506737577248181,-0.31511649055216107,0.1452975771410327,-0.3748383558792803,-0.2611580629381488,0.5318267343633936,-0.2818392295389757,0.27768144041862103,1.273864038735761,-0.23852250559671742,1.091003940590235,-0.15416036152018145,-0.7729984971467863
2015,Louisiana,99,-0.3117431070138291,-0.8163168684931448,0.03496431666792357,-0.2561613914254882,-0.5162682344617325,-0.3064250252344808,-0.18778563760806583,0.1928370621853174,-0.47112551727023966,-0.8698307869205328,-0.10136696348409481,-1.0867060478531025,-0.3181829973979132,-0.9975527203269415,1.618309141017875,1.934483913904301,-1.014205128458537,0.5135893794643474,-0.33340041526619413,-0.7050852913622873
2015,Maine,47,-0.4737791464215562,1.9326114014290154,-0.46759685124071887,-0.39716638585102754,-0.638432514644097,-0.4092197567168339,-0.40005950212147057,-0.9602910695810349,-0.33628914417818595,-0.26431562239258144,-0.13735004143082974,0.24402801738294208,-1.1578895808954468,-0.5509964397498347,-1.3640947785811535,0.16676669823494478,2.6369492481169536,0.5163182651346571,-0.3722778353744844,-0.7262570299470246
2015,Michigan,58,0.5689577583384685,-0.4292551293374383,0.3938278365999952,-0.02916683259611085,-0.052043969768747235,-0.16788083795557163,-0.2520389374047242,-0.5522611152637102,-0.2939438369261359,-0.40975799034292265,-0.3244620467538515,-0.10919151845131672,-0.19969679236451907,0.439991470571964,-1.0642008125648814,-0.6024066564059959,1.171939342560122,0.04477842947381753,-0.325884007429544,0.4184971415964535
2015,Minnesota,68,0.6620881065694878,-0.9032082793240176,0.6076404640777886,0.20789152440796796,-0.07647682580522014,-0.19893592076874153,-0.1262690524323762,-0.39259722009606146,-0.21593932356709672,-0.3266480657998706,-0.022204192001277778,2.0594121434148303,0.07848821075736336,1.2780491478194105,-1.234924827583133,-0.6136160633202389,0.1829149659990356,-0.6254801991507577,-0.11226609747623882,0.7928275977695083
2015,Mississippi,83,-0.452246117928835,-0.46085200600321025,-0.43072093922318805,-0.16894180724474223,-0.36967109824289507,-0.12274263619224328,-0.19801857053864474,-0.3216354889104398,-0.6549932987594038,-1.0568281171424003,-0.5871385157650164,-1.082598843948053,-1.0033423569388455,-0.33689411344574244,1.2782012804485823,1.4703111122980164,-1.0185721480114376,0.5110695352266931,-0.45600615414174245,-0.7888416943073369
2015,Missouri,52,-0.4710875178599661,0.44755819813773345,-0.5273087638195646,-0.3938117864594604,-0.46740252238878666,-0.4285990913405562,-0.37007462888303,-0.17971202653919643,-1.0773320210890598,-0.513645396021738,-0.29567558439646346,-0.8608098330753788,-0.9569781897518653,-0.18396388037139072,0.15917446028531043,1.0667541076245006,-0.6999364593998173,0.2885952638593118,-0.2882519921303584,0.17952691070215984
2015,Montana,83,1.5234092462783362,-0.8242160876595878,1.3048996812166052,-0.142105012112205,-0.7117310827535158,-0.2269817901310229,0.11539474735838895,-0.21519289213200726,-0.397578404674574,-0.2910295267099912,0.30524181731400996,-0.4295534230451792,-0.7766730951358305,0.06684170187054594,-1.144182226894332,-1.5844067932611503,0.6605216991690134,-0.7367830983970368,-0.04297349878760743,0.45885424853069756
2015,Nebraska,48,0.28149182796064026,-0.7452238959951578,-0.21141075605470777,-0.22261539750981668,-0.4918353784252596,-0.2687496728293561,-0.21503379622553762,-0.2684141905212235,-0.8533476327295324,-0.8698307869205328,-0.2237094285029936,-0.6143775987724077,-0.9569781897518653,-0.6611062075633678,-0.4037747110267807,-0.7606781696477497,-0.23235181650836248,-0.9874352057470663,-0.027089661254382644,1.2294194747765297
2015,New Jersey,27,-0.3876470324506714,0.9610074439565277,-0.5683289870500748,-0.4051056044110698,-0.638432514644097,-0.42823798572644955,-0.35067965135181645,0.175096629388912,-0.6750516021945854,-1.1814930039569784,-0.6051300547383839,-0.10919151845131672,-1.173344303291107,-0.3797145787065609,-0.0838853878121634,0.12989442240572477,0.2573718953266285,-0.057385539835031536,-0.16703192436263917,-0.6827297804510946
2015,New York,62,-0.015125639526594426,-0.034294171015288866,0.210716943210192,-0.2405065942648415,-0.10090968184169305,-0.26923114698149825,-0.29773017281568126,-0.3216354889104398,-0.2493698292923993,-0.37117123966221993,-0.19492296614560564,-0.0024042169200291356,-0.2306062371558392,-0.4470038812592756,-0.8540696238873551,-0.07674722355263056,1.6369335983832136,0.5713637020731345,-0.18099325211028927,0.08156574327702215
2015,North Carolina,45,-0.44363290653174653,1.2058832381162603,-0.47749245148395536,-0.28747098574678165,0.11898602248656313,-0.2882493759911139,-0.3488948374685759,-0.3216354889104398,-0.32737434265143867,0.02063269032645459,-0.5223689754608936,-0.6554496378229028,-0.2872735526065931,-0.07997132188083175,0.7066165810996206,1.2571363160597866,-0.7417077311994443,1.0415433771882725,-0.04548434491813087,-0.9128469502525227
2015,North Dakota,74,4.576254360833886,-0.9348051559897896,4.8367831902534615,1.3196057627733224,-0.32080538616994925,0.19310440761301964,0.6906997557229136,-0.35711635450325063,-0.812116675668326,-0.7748480160141875,-0.2668891220390755,-0.4706254620956744,-0.6993994831575299,-0.16561225240246857,-1.2486183007969884,-1.6007175237849107,-0.1330784629239854,-1.8046912210689643,0.12342126527403895,1.5541520932682098
2015,Ohio,50,-0.30689817560296684,0.4870542939699484,-0.42463133907350403,-0.2539249918311101,0.68094171132544,-0.2522591831184868,-0.28749723988510234,0.72505004607748,-0.09781820333769432,-0.656119552381256,-0.4360095883887297,0.5684971258818539,0.5678877532866007,1.1862910079747995,-0.3120606153861967,0.13959028005264168,0.32881626943415626,0.729487015190505,4.955312058350343,0.18664600627831426
2015,Oregon,38,-0.06357495363521715,-0.4371543485038813,-0.12894742069440376,-0.11862281637123492,-0.5162682344617325,-0.1379090719847216,-0.002164993751052696,0.12187533099969573,-0.009784538261064138,0.3144856378179604,0.26206212377792804,-0.3679453644694364,-0.606671148783569,-0.7773331846998751,-0.4154589712088297,0.12262221249526016,-0.6409104802348474,0.574468100542584,0.17627829010952092,-1.2731576391831527
2015,Other States,39,-0.29936161563051444,1.7825262372665986,-0.16734573274935557,-0.12488473523549362,5.640811486729441,-0.1492237145600626,-0.2847605252641336,2.8006806832569144,5.176401249924208,3.941640201804022,3.644471450771012,6.265188942185539,5.492792623370295,3.7494017143009333,-0.4540401095824372,-0.12424433448602691,0.758160282644269,-0.08923716311323757,0.18971428777302238,0.21581572921817638
2015,Pennsylvania,53,-0.3779571696289468,0.5028527323028343,-0.4075466275424462,-0.3042439827046174,0.11898602248656313,-0.3189433531901772,-0.27345670400361033,0.72505004607748,0.00024461345652669847,-0.6442467060179626,-0.37124004808460676,-0.7909873666895372,-0.32333457152979983,-0.6244029516255235,-0.4862514998562867,0.14659310517108798,0.4797571419037896,0.6966659541063012,-0.3105313446142585,-0.46077493694407173
2015,South Carolina,67,-0.4786240778324185,0.8820152522920979,-0.3581532041061205,-0.3551220734767192,-0.052043969768747235,-0.39886806244577727,-0.35103661412846454,-0.05552899696435847,-0.22262542471215716,-0.17230106307705956,0.06775350286555944,-0.41723181133003073,-0.410911331771874,-0.587699695687679,1.1146674862800856,1.5385099607336061,-1.0395491274935373,0.7549016091849062,-0.2869825987856051,-0.8798590925497675
2015,South Dakota,66,4.5498764009303025,-0.9427043751562326,2.2142799702360807,0.536642264781549,-0.4429696663523138,0.018570027461483347,0.051379422746162626,-0.5877419808565211,-0.9436099981878493,-0.7570387464692478,-0.42161635721003576,-0.5486623362916153,-1.0497065241258259,-0.4347694626133274,-0.7907986488347369,-1.2067018852716118,0.2381759749323425,-1.4411318423651605,-0.1643452083699644,1.6456504737531075
2015,Tennessee,59,-0.4570910493396973,0.8346199372934399,-0.5422790308542045,-0.38665530775745044,0.0456874543771444,-0.4006735905163104,-0.3879227677154351,-0.3393759217068452,0.31672006765605754,1.5641027175545659,-0.5367622066395875,-0.294015694178545,-0.2306062371558392,-0.01268201932811695,0.5181272313803186,1.2958573357572003,-0.8003352778384809,1.1003127778652244,-0.31247885832323474,-1.2185308509805026
2015,Texas,66,0.1275306742376836,-0.6978285809964999,0.7936270019827203,0.6808900386189366,-0.2230739620240576,1.6616005716466353,1.3959392147873475,0.8314926428559126,-0.46332506593433564,0.6172432200819358,-0.3208637389591779,0.47403143606571496,-0.42121448003564743,0.011786817963779226,1.3927843521563292,0.5816235020137185,-0.8951804963026782,-0.720746993641366,-0.044921774616541774,0.6326522285797725
2015,Utah,42,-0.4199465751897532,-0.8400145259924737,-0.49931351868698964,-0.25727959122267724,0.09455316645009022,-0.29414743435485546,-0.3330694877038434,-0.35711635450325063,0.42815508674039976,0.15123400032267936,1.1400492256782606,0.675284427413142,-0.5654585557284753,-1.0036699296499154,-0.8386273978841234,-1.4175427634324216,0.3627737737754092,-0.3972029331402307,0.2470821665440319,-0.6172964741080663
2015,Vermont,52,-0.4657042607367858,0.9847051014558567,-0.5904037875926793,-0.4229968011660946,-0.5162682344617325,-0.44099705075821705,-0.40910255912988913,-1.0312528007666566,-0.5424439294842185,-0.8223394014673602,-0.5799419001756695,-1.1483141064288453,-1.2300116187418608,-0.049385275265961426,-1.3481102936264526,0.10472894152498603,2.080702403895291,1.0302995907222658,0.17722627159453902,-1.2772840918740587
2015,Virginia,38,-0.47216416928460214,2.011603593093445,-0.576786765035747,-0.3959363660741196,-0.027611113732274324,-0.42173808467253027,-0.39292024658850855,-0.44581851848527776,-0.2148249733762532,0.1245200960052698,-0.5007791286928526,-1.0374196009925083,-0.4727302213545145,0.5439840290625231,0.28844808204633837,0.5621761520994357,-0.33656485026514715,0.7686606801082086,-0.06886161724798925,-0.4872292615784066
2015,Washington,44,0.15821523983981134,-0.9348051559897896,-0.19441062230350664,-0.02916683259611085,-0.39410395427936795,-0.09421529267781976,0.0914782413229661,0.3170200917601554,-0.11899085696371904,-0.952940711463585,-0.42881297279938274,-1.0127763775622112,-0.7612183727401702,-0.673340626209316,-0.5256402694610454,0.39604777918260786,-0.03770248035445348,0.6737700073716958,-0.02851526565865903,-1.0448180665966567
2015,West Virginia,35,-0.4818540321063267,1.1505887039511595,-0.6177224104864005,-0.4062238042082589,0.07012031041361731,-0.41523818361861103,-0.3976797502771499,-0.4103376528924669,-0.618219742461571,-0.7837526507866575,-0.5007791286928526,-0.9142034838410226,-0.19454521823263227,-0.37359736938358684,-0.17211830315012655,0.4511283969668463,0.4055694982378351,1.4571511310393506,9.50773641111716,-0.9921492726139117
2015,Wisconsin,67,0.3638556619452989,-0.4371543485038813,0.03259613883193535,-0.12868661454593638,0.2900160147418735,-0.28704569061075846,-0.2638187090341116,-0.21519289213200726,0.22868640257942766,-0.13668252398717975,-0.18412804276158512,1.3611874795564116,0.8615274788041433,1.7062538004275956,-1.0204015954923364,-0.32385766244933706,0.22648356745791753,-0.27185271051241194,0.001414537055173201,0.3217625446742704
2015,Wyoming,77,-0.42048490090207125,-0.8558129643253597,-0.21327146721155565,-0.34226277580904513,-0.24750681806053051,-0.34494295740585434,-0.3289049219762822,0.05091359981407405,-0.4499528636442148,-0.4364718946603324,-0.14094834922550323,-0.380266976184585,-0.19969679236451887,-0.6366373702714717,-1.3508406182917492,-1.5653444575293824,0.8856669937388696,-0.6528188370133317,0.8617883925466647,0.29151402370731866
2016,Alabama,52,-0.48131570639400867,0.36856600647330356,-0.5772096539350307,-0.39325268656086587,0.16785173455950894,-0.41728444876521525,-0.40029747730590265,-0.711925010431359,-0.8433184810119417,1.029824631206374,-0.4540011273620972,-0.577412763626962,-0.4830333696182881,0.9232510070869153,1.264782545306823,0.3705607397807111,-1.0729914891149395,-0.47388003684956304,-0.2843811146540278,-1.2158946555134538
2016,Arizona,46,-0.35857744398549773,-0.8005184301602588,-0.4764775181256747,-0.20919699994354807,0.4854788630336568,-0.1583717234507638,-0.32164667885110415,-0.19745245933560185,0.753545342466678,0.57568825781041,0.08934334963360033,0.39599456186977444,0.7791022926939555,0.2503579815597679,0.6346720084167694,-1.9000361220154387,-0.7758749200482842,-2.228723836839616,-0.4768966566478763,1.4318685505875306
2016,Arkansas,69,-0.44578620938101865,-0.8953090601575746,-0.4242930279540772,-0.3042439827046174,-0.12534253787816596,-0.25478692241723316,-0.3773328720082081,-0.6941845776349537,1.2327159245293484,-0.5403593003391476,-0.39642820264732126,-0.8320594057400322,-0.8951593001692246,-0.3307769041227683,0.9619981224080529,0.5741378121019259,-1.0490055595659062,-0.23364078713965897,-0.2648177890296899,-0.9452030941814693
2016,California,36,0.5824159011464193,-0.7452238959951578,1.2420583907830607,6.210388035718793,-0.10090968184169305,5.832370414578175,4.789465344788638,0.2637987933709391,0.42815508674039976,0.39759556236101246,0.67586752016538,1.0490399827726482,0.8872853494635768,-0.07997132188083175,0.5744232260651935,-0.9239695360536822,-0.5880585295445631,-1.6728743202539853,-0.5932284721276729,-0.6338032600046651
2016,Colorado,40,-0.34727260402681914,-0.587239512666298,-0.44095485058585143,-0.2913846850369433,-0.10090968184169305,-0.2907771152898603,-0.39327720936515664,-0.9602910695810349,-0.11341910600950195,-0.5581685698840874,0.10013827301762096,-0.0311546442553756,0.12485237794434366,-1.1015452788175006,-1.1266255537815246,-1.7075050054319258,1.4400215919696842,-1.320940497030299,-0.38855485318989247,3.468018037165622
2016,Florida,50,-0.20946122167340336,-0.4371543485038813,1.5259859977620764,1.066668968649159,-0.027611113732274324,1.7639138289768463,0.33338001629816333,-0.23293332492841268,0.15959669074713578,0.9556193414357912,0.10373658081229438,0.5479611063566066,0.3875826586705659,-0.42865225329035345,2.2717261382370073,1.006145352576882,-1.0936219918777417,0.17261793278103957,-0.1138418978904924,-0.06519900838451177
2016,Georgia,39,-0.015125639526594426,-0.2317746501763636,0.16834347550197423,0.12179014002441103,-0.07647682580522014,0.475970471996544,-0.296659284485737,-0.8183676072097916,0.3612940752897946,0.40946840872430557,-0.277684045423096,1.6199413255745314,0.006366172910949496,-0.3124252761538462,1.2537711371834492,-0.09006684432342608,-1.0751673248135496,-0.6562849066784966,-0.2842882909045187,-1.1186365171694814
2016,Hawaii,113,-0.4307130894361138,-0.5319449785011972,-0.33024253675340226,-0.4129330029913932,-0.8094625068994074,-0.4396729968398261,-0.384234152356738,-0.5522611152637102,0.11279398273171198,3.2144283620523155,-0.6231215937117514,-1.1688501259540929,-1.1475864326316734,-1.1076624881404746,2.075189627406054,1.3184495694677152,-1.0936219918777417,1.6026598616087302,0.4154625365282069,1.1910570645460319
2016,Idaho,34,0.1754416626339883,-0.9190067176569037,-0.17580351073502778,0.03792515523523221,-0.34523824220642213,-0.084946915249083,-0.2672693492083766,-0.6764441448385482,-0.2627420315825202,-1.0330824244158139,-0.13735004143082968,-0.5445551323865658,-0.28212197847470627,-0.5081759744890163,-1.0747501377972446,-1.0094260642035517,0.659852345654412,0.4323727312695299,-0.33919387076859464,-1.2607122420800347
2016,Illinois,48,-0.45762937505201534,1.9247121822625723,-0.46336796224788274,-0.3963836459929952,-0.2230739620240576,-0.41584002630878875,-0.401606340820279,-0.8538484728026025,-0.7185112596374787,-0.5047407612492679,-0.49358251310350565,-0.5938415792471601,-0.534549110937155,-0.098322949849754,-0.014865323693330568,-0.11103896659372685,-0.3629512649196292,-0.05285685361210865,-0.05087749654756292,0.5388960906275561
2016,Indiana,62,-0.38710870673835335,0.37646522563974655,-0.556403520090277,-0.4117029832144852,-0.36967109824289507,-0.4243861925093122,-0.39303923418072456,-0.44581851848527776,-0.2783429342543281,-0.5581685698840873,-0.5439588222289345,-1.0538484166127065,-0.6684900383662095,-0.23901876427815733,0.0009456313817213111,0.18595879595712198,-0.1732467691324617,0.42719688088463054,0.020274160858698726,0.21233489533373345
2016,Iowa,48,-0.09748947351125306,-0.7136270193293859,-0.37100902664434227,-0.26957978899175683,-0.027611113732274324,-0.022475644008636567,-0.37245438072735065,-0.8183676072097916,-0.06550204780323494,-0.05950902262577415,0.8737744488724218,-0.04347625597052434,0.8924369235954632,0.22588914426787174,-0.40970411137192153,-0.1463931595707897,-0.16043890884032336,-0.4784685862184911,-0.119818830701209,1.2909571584787105
2016,Kansas,48,-0.47001086643533,0.044698020649141024,-0.5970854322013603,-0.37625604964359227,1.0963002639454795,-0.4038031725052345,-0.39613291157834146,-0.44581851848527776,0.17965499418231715,0.237312136456555,-0.022204192001277906,0.4740314360657153,-0.5551554074647019,-0.45923829990522363,0.3266414402417938,-0.5016610416879183,-0.8536781299288344,-1.3160806406602286,-0.35806409643441567,1.202889765999245
2016,Kentucky,46,-0.47324082070923823,0.8188214989605539,-0.6052048990676057,-0.4015273650600648,0.0456874543771444,-0.42137697905842364,-0.4029152043346554,-0.7651463088205753,0.21754290067099347,1.3563279061969356,-0.4072231260313418,0.7861789328494786,1.0160747027607446,0.22588914426787152,0.43473634465160377,0.5782021817882046,-0.4278735808923396,0.7086098509325325,0.026419867712960895,-0.8038113079265181
2016,Louisiana,86,-0.33704441549277653,-0.8242160876595878,0.022108494129701818,-0.17117820683912033,-0.1986411059875847,-0.19388044217124878,-0.237284475969936,-0.12649072814998016,-0.5301860773849408,-0.1485553703504731,0.07854842624957994,-1.1359924947136968,-0.1327263286499918,-0.8752085338674601,1.6969237832829416,2.1025211717541605,-1.0936219918777417,0.189330014978699,-0.18687149950949772,-0.8515765407486481
2016,Maine,34,-0.4640892835998317,0.3132714723082026,-0.5668065870126539,-0.38620802783857483,-0.34523824220642213,-0.4538764843280201,-0.4019633035969271,-0.9425506367846295,-0.3062016890254136,-1.368490334178846,-0.4683943585407912,0.04277502603551565,-0.869401429509791,0.6540937968760561,-1.1158923907066163,0.04988078421478127,1.6624594227482055,0.38755066120293763,-0.04883186672997857,-0.7971526072919157
2016,Michigan,60,0.4209181874510101,-0.48454966350253925,0.38697703643160075,0.004379161319560681,-0.17420824995111178,-0.1401960742073969,-0.2566794535011495,-0.6587037120421427,0.1618253911288225,-0.3355527005723404,-0.5727452845863225,-0.05169066378062335,-0.14818105104565177,-0.18396388037139072,-0.7924577758385558,-0.33449513325894975,2.311818258244878,0.4389987669916938,-0.010219373923664891,0.36602778579046474
2016,Minnesota,59,0.24919228522155845,-1.0216965668206626,0.3622803247134379,0.20565512481358986,0.07012031041361731,-0.08615060062943843,-0.3377100038002687,-0.9780315023774404,-0.288372085971919,-0.3592983932989266,-0.06898219333203336,1.6322629372896797,0.6657676617924485,1.296400775788333,-1.1161567614097052,-0.2549295492868186,0.5803331720434662,-0.3869803247690112,-0.07785024141175455,0.7230875008288551
2016,Mississippi,85,-0.43824964940856626,-0.9900996901548905,-0.4471290285153921,-0.2539249918311101,-0.1986411059875847,0.23619634422974378,0.6225198653831261,3.2264510703706444,-0.6460784972326565,-1.0093367316892277,-0.5223689754608936,-0.9183106877460722,-0.9209171708286582,0.20753751629894948,1.3686339691819434,1.0501639279963075,-1.08856721839849,-0.08383525824055095,-0.2956988848351258,-0.9639049873552635
2016,Missouri,62,-0.48293068353096275,-0.5319449785011972,-0.58651320971927,-0.40588834426910214,-0.5162682344617325,-0.3524058067640579,-0.38697086697770683,-0.4812993840780886,-0.7430269638360338,-0.5492639351116174,-0.561950361202302,-0.9511683189864684,-0.8127341140590374,-0.5387620211038866,0.3446400106314329,-0.10370334444855696,-0.9417160584934892,-0.5881398964350737,-0.1713855445767085,0.12091843797895092
2016,Montana,77,1.214410287407787,-0.9585028134891186,1.1493611440600933,-0.04705802935113566,-0.6628653706805699,0.20875231755764015,-0.1723172506199814,-0.6587037120421427,-0.017584989596967946,0.2491849828198479,0.9529372203552389,-0.20776441217250516,1.0263778510245178,0.9783058909936818,-1.201013189986297,-1.319107152881618,0.4097734296039767,-0.22426276830701958,-0.12625910773815432,0.6762755984572609
2016,Nebraska,46,-0.15455199901696426,-0.8479137451589167,-0.3267748477792766,-0.22462815714475698,-0.10090968184169305,-0.3534891236063778,0.2441393221361378,3.208710637574239,-1.0550450172721915,-1.3031896791807334,-0.5943351313543636,-0.6020559870572592,-1.1630411550273336,-0.7956848126687973,-0.30263014613203826,-0.9763535937751451,-0.19803236646434746,-1.4161691234452012,-0.3084687434873967,1.4626180000290427
2016,New Jersey,27,-0.3924919638615337,3.2438817830585513,-0.48916418510418297,-0.40812474386348024,-0.5407010904982054,-0.43281199017180016,-0.40779369561551276,-1.0667336663594675,-0.7218543102100091,-0.8015619203315972,-0.5727452845863225,-0.7622369393541903,-1.0239486534663924,0.152482632392183,0.04303181790746358,-0.13374784554518473,-0.003309218317044909,0.2523598296411846,-0.012081885012542638,-0.7187651015324775
2016,New York,57,0.12914565137463768,0.16318630814578586,0.30079227875760095,-0.13875041272063784,0.14341887852303603,-0.26297198300365004,-0.3742391946105912,-0.8893293383954133,-0.2270828254755309,-0.8074983435132438,-0.23090604409234058,0.2851000564334373,0.722434977243202,-0.4653555092281978,-0.6126830401168356,-0.2595789588263962,1.705643215750577,0.46465557734067314,0.021464440710971415,0.14806735373714283
2016,North Carolina,37,-0.451169466504199,1.4191621556102212,-0.5039652965791094,-0.3187805800680751,-0.14977539391463887,-0.30979534429947597,-0.38613795383219457,-0.8183676072097916,-0.2270828254755309,-0.009049425581778322,-0.3388552779325454,0.3836729501546257,0.6039487722098078,1.8163635682411285,0.7370947412342377,0.5805850861160426,-0.7130263297553784,0.12027963943245655,-0.06588577384858499,-0.7910884058537055
2016,North Dakota,78,3.1663793202729646,-0.8953090601575746,5.235821155617476,1.239989937213462,-0.4185368103158409,0.3327319117342487,1.9873075481010365,0.22831792777812826,-0.5914753378813289,-0.7125155726068985,-0.2884789688071165,-0.6431280261077543,-0.5293975368052682,-0.09220574052677984,-1.1456448746526695,-1.2613662771259395,0.38352748502731254,-1.4703692151729684,-0.29696986288435334,1.8654137072465165
2016,Ohio,79,-0.14163218192133153,0.747728526462567,-0.28956062464231896,-0.3500901743893685,-0.12534253787816596,-0.36949813916510493,-0.38744681734657094,-0.711925010431359,0.23760120410617513,-0.36226660488974993,-0.5043774364875262,-0.13794194578666333,0.07333663662547657,0.12801379510028638,-0.07840246257323776,-0.2723963499305138,-0.05572757920335211,0.5773192394479624,0.030437661488511965,0.24554929391015354
2016,Oregon,35,-0.16424186183868883,-0.8479137451589167,-0.26503306848386954,-0.17229640663630938,-0.7605967948264616,-0.13550170122401076,-0.14138047664381254,-0.4812993840780886,0.20082764780834217,0.10077440327868332,0.8197998319523198,-0.5979487831522096,0.016669321174722695,-0.5876996956876791,-0.6050118583960167,0.6634642761797432,-0.349040841981438,1.9709057378777213,0.1822599628856027,-1.0593661453538992
2016,Other States,44,-0.2751369585762031,0.9926043206222996,-0.13655942088150874,-0.1991332017688466,5.152154365999983,-0.10528919817708965,-0.24597057020170648,3.545778860705942,4.516705936944905,2.5406443309354287,4.205807466740078,1.710299811485621,2.6439721284369444,4.813796136498421,-0.3136403257393603,-0.436683799598567,0.13536048027774103,-0.23329378999440428,-0.15400032634219463,1.1429968067799703
2016,Pennsylvania,50,-0.3558858154239076,0.03679880148269803,-0.43993991722757075,-0.34673557499780133,0.021254598340671494,-0.36925740208903385,-0.3837582019878739,-0.6232228464493319,-0.26719943234589394,-0.8579579405572397,-0.4540011273620972,-0.6390208222027047,-0.4469723506950811,-0.5448792304268606,-0.31114170358663545,-0.14813974512042047,0.36408091723799463,0.568038078615602,0.032753990744348864,-0.32840057092550473
2016,South Carolina,45,-0.4797007292570546,1.2532785531149184,-0.405178449706458,-0.36440313179338835,-0.14977539391463887,-0.376840619985273,-0.3958949363939094,-0.8538484728026025,-0.24602677871986892,1.1099663441586027,0.2548655081885811,1.435117149847303,1.1036514630028185,-0.5387620211038866,1.1646604786182162,0.273991126686658,-1.053425879579986,-0.5270716833498165,-0.29780227602440446,-0.7897019215786012
2016,South Dakota,71,6.02919545838025,-0.9664020326555616,2.2758525939717744,0.2000641258276446,-0.2963725301334763,-0.21253756556675782,-0.1140133304341247,-0.6232228464493319,-0.035414592650462595,-0.4602175873869186,-0.04379403876931892,0.15366953147185253,-0.25636410781527275,-0.9302634177742267,-0.6966814800998821,-1.3103393888428707,0.2174366726312342,-1.4757376894646075,-0.3538434363286172,1.9028665668383455
2016,Tennessee,55,-0.4619359807505596,1.498154347274651,-0.547269119865751,-0.39739002581046534,-0.17420824995111178,-0.4082568084125496,-0.40351014229573556,-0.8538484728026025,-0.3396321947507162,0.8042405503038035,-0.5871385157650164,-0.9224178916511216,0.0578819142298164,-0.006564810005142797,0.6567369301466081,0.4998272767814749,-0.8424531424817904,0.27883202670770024,-0.07226268108605712,-1.187195789170606
2016,Texas,70,0.9043346771126014,-0.7136270193293859,0.9544093614903489,0.8653930051551298,-0.2963725301334763,2.1214083869424067,0.8326519532366422,-0.0023076985751422125,-0.08556035123841646,0.008759843963161469,-0.11576019466278879,0.6876060391282904,-0.45727549895885433,-0.42865225329035334,1.5481956642686812,0.0022316045961664997,-1.076131867054836,-1.1669465574312479,-0.3155735063454097,0.7217714232987971
2016,Utah,32,-0.40810340951875657,-0.8321153068260307,-0.5214728970094508,-0.3143077808793189,-0.12534253787816596,-0.2818698434752302,-0.3243833934720729,-0.0732694297607639,-0.2872577357810753,-0.5937871089739668,-0.5475571300236081,0.014024598700168887,-0.9415234673562051,-0.9424978364201748,-0.8879206291510634,-1.3501332911882127,0.6372890462564736,-0.47806193650902945,-0.23773128913727345,-0.3628305726864721
2016,Vermont,52,-0.4619359807505596,0.5186511706357203,-0.5873589875178373,-0.43071237976669907,-0.8461117909541168,-0.4548394326323044,-0.4092215467221052,-1.048993233563062,-0.8856637882639916,0.05921944100715729,0.9133558346138306,0.4493882126354181,-1.1784958774229937,-0.9853183016809932,-1.1069945150015914,-0.05031286503881947,1.6528589461774998,0.8643276966203661,0.11061294134572898,-1.1889192175701506
2016,Virginia,38,-0.48293068353096275,2.264378606419621,-0.5893888542343986,-0.41080842337673396,-0.2719396740970034,-0.42137697905842364,-0.3993455765681744,-0.6409632792457374,-0.07998860028419937,0.2402803480473781,-0.2884789688071165,-0.877238648695577,-0.36454716458489356,-0.20231550834031306,0.36371557953904743,0.402064918345722,-0.23945000259427968,0.3402249747488045,-0.041397244152942686,-0.39828722308454273
2016,Washington,35,-0.2772902614254752,-0.7847199918273728,-0.1885747554933928,-0.06830382549772764,-0.5651339465346783,-0.016336848568823913,-0.233833835795671,-0.6764441448385482,0.19302719647243838,-0.5789460510198503,-0.31366712336983094,0.12081190023145648,-0.24090938541961257,-0.7712159753769012,-0.7014883027696943,0.7218610347668867,0.21418747015362966,2.03539128335694,0.20585831095992413,-0.7533482756740997
2016,West Virginia,32,-0.47593244927082834,0.7398293072961241,-0.6304090774649088,-0.39951460542512457,-0.027611113732274324,-0.42908056549269835,-0.405056980994544,-0.9070697711918186,-0.2917151365444492,-1.0182413664616974,-0.28488066101244297,-1.160635718143994,0.3875826586705659,-0.5081759744890162,-0.05077802201814795,0.3159452736644811,0.6136925511772886,1.2575691386748882,0.15890918598987872,-0.8831459871452133
2016,Wisconsin,62,0.14960202844272286,-0.24757308850924956,0.07260142870416489,-0.12868661454593638,-0.027611113732274324,-0.23516685071743976,-0.359603720768019,-0.8893293383954133,0.1662827918921959,-0.48396328011350503,0.6039013642719101,0.9176094578110634,0.7687991444301827,3.6392919464874005,-0.8436775327657321,-0.13125488304057084,0.7701117599274033,0.18910094083460496,0.03327274271346758,0.1821986370248984
2016,Wyoming,68,-0.3967985695600779,-0.9506035943226756,-0.27391373536882535,-0.3071513021773089,-0.2719396740970034,-0.3450633259438899,-0.3914923954819161,-0.9425506367846295,-0.6137623416981973,-1.178524792366155,-0.4647960507461177,-0.7868801627844876,-0.962129763883752,-0.9975527203269415,-1.3810469829547376,-1.4836392171073618,1.4624952248628358,-0.6442630377986283,-0.21915440370902134,1.262090884810671
2017,Alabama,45,-0.487237289229507,-0.16858089684481967,-0.6096029436201552,-0.39895550552653003,-0.0031782576958014146,-0.4266731947319875,-0.38328225161900975,0.015432734221263207,-0.04321504398636672,0.24324855963820144,-0.3208637389591779,0.9135022539060138,-0.06060429080357776,0.3054128654665344,1.227801819587162,1.8115948716578727,-1.0702966036035615,0.6867606086412743,0.031192383502282702,-1.2040637294287133
2017,Arizona,40,-0.44686286080565474,-0.8084176493267018,-0.537542675182228,-0.22820639649576194,0.412180294924238,-0.201704397143559,-0.32343149273434463,-0.05552899696435847,0.46715734341991944,-0.7392294769243082,0.30164350951933655,-0.5445551323865658,0.8718306270679165,-0.5815824863647051,0.7420967909802058,-2.129441352151741,-0.7065879221370683,-2.695467201913114,-0.6767821429632295,0.4045086123065817
2017,Arkansas,77,-0.3790338210535829,-0.8479137451589167,-0.32271511434615396,-0.2315609958873291,0.6076431432160213,-0.3024528634793079,-0.3819733881046334,-0.8006271744133862,0.18188369456400416,0.4480551594050085,0.38440458879682693,0.9176094578110634,0.6503129393967881,-0.765098766053927,0.9330456194831395,0.6550767952431403,-1.033835478716736,-0.2522703259664727,-0.16536740445487932,-0.8005702794746128
2017,California,41,0.6841594607745269,-0.7057278001629429,1.7444504031319896,5.22637221419243,-0.17420824995111178,5.0740486249542585,5.4319983427552225,0.5831265837062367,0.3612940752897946,0.08296513373374376,0.20448919906315224,0.9258238656211625,0.6245550687373546,0.05460728322459764,0.596547879967055,-0.6561043906309838,0.009142871183603577,-1.634303099314223,-0.4546572019124649,-0.602171885092771
2017,Colorado,43,-0.34619595260218305,-0.7294254576622718,-0.436218494913875,-0.2539249918311101,-0.027611113732274324,-0.3124434521362579,-0.1971856573931325,0.6895691804846692,-0.02315674055118536,-1.3061578907715568,-0.3352569701378719,0.12902630804155563,0.20727756405453107,-0.7039266728241864,-1.032635101162734,-1.5512291280531927,0.9526769805142933,-1.1413652837188473,-0.35147449627565064,3.29918494931268
2017,Florida,43,-0.21430615308426562,-0.46085200600321025,1.105888165213738,1.2791269301150787,0.38774743888776514,2.0889088816728103,1.5173065588477022,1.399186492340886,0.2777178109765382,0.35010417690783996,0.0317704249188245,0.4042089696798733,0.2690964536371717,4.024676133834767,2.315318464349405,1.4205243922685358,-1.0936219918777417,0.20528032805250143,-0.06959200854505392,-0.08034638030001458
2017,Georgia,32,-0.3967985695600779,-0.01849573268240289,0.10964649628140914,0.26156511467304244,-0.12534253787816596,0.3712498439056222,0.5082917768557333,1.0443778364127776,0.4493277403664248,-0.0446679646716579,-0.0761788089213803,0.3508153189142294,0.16091339686755077,-0.15949504307949444,1.2496998320873847,0.8531654766584887,-0.9814682398861329,0.24543818358645175,-0.06118608784781419,-1.19114723262678
2017,Hawaii,131,-0.4904672435034152,-1.1638825118166363,-0.4826516960552154,-0.42623958057794287,-1.0293582112276636,-0.4038031725052345,-0.3950620232483971,-0.7296654432277645,0.18522674513653456,0.8547001473477991,-0.6051300547383839,-1.2345653884348853,-1.2300116187418608,-1.1076624881404746,2.0514365575175835,1.0882474138067157,-1.0936219918777417,0.9664468948026235,0.0897368627907794,1.0494617539925606
2017,Idaho,44,0.063469914471838,-0.9427043751562326,-0.050628396547079145,0.004379161319560681,-0.36967109824289507,0.05468058887214603,0.21772407666417823,0.9201948068379396,0.6565968758633007,1.106998132567779,1.8992921703543677,1.2256497506897774,-0.2975767008703665,-0.5020587651660422,-1.1737984825493606,-0.704962487384076,1.4723152684778182,0.9562718646937348,0.08760700562958125,-1.256119505079468
2017,Illinois,46,-0.4091800609433926,1.4033637172773352,-0.47969147376023014,-0.36462677175282615,0.11898602248656313,-0.3720258784638513,-0.3697176661063819,-0.19745245933560185,-0.4700111670793963,-0.1663646398954129,-0.47199266633546466,-0.5199119089562687,-0.07605901319923793,-0.061619693911909294,-0.07831669926443874,-0.11783111688901127,-0.7253351492709704,-0.28189079425767644,-0.17156761868844225,0.7383959841505647
2017,Indiana,48,-0.43017476372379576,0.75562774562901,-0.5714583649047735,-0.3788279091771271,0.14341887852303603,-0.39742363998935076,-0.39339619695737266,-0.6587037120421427,-0.833289329294351,-0.7659433812417176,-0.3784366636739538,0.9011806421908654,0.011517747042836096,-0.02491643797406525,-0.02755887043843208,0.3446590423273286,-0.598060226688281,0.3869035992210074,-0.031574270946366334,0.41473090820584063
2017,Iowa,58,0.05808665734865769,-0.6030379509991841,-0.30224729162082725,-0.28523458615240355,-0.10090968184169305,-0.1569273009943373,-0.27583645584793104,0.08639446540688489,0.19637024704496875,0.6291160664452295,0.4563707446902968,1.8499447442573043,0.7945570150896158,0.09742774848541627,-0.49380523728468717,-0.570339749724842,-0.40252729518898867,-0.6514504992200245,-0.24892457740807594,1.3246031810970853
2017,Kansas,79,-0.3591157696978158,0.9452090056236417,-0.48789551840633216,-0.3990673255062489,0.43661315096071096,-0.40308096127702125,-0.3830442764345777,0.2992796589637499,0.15959669074713578,0.7240988373515745,0.0317704249188245,1.0285039632474005,-0.34394086805734675,1.198525426620748,0.24922856375719982,-0.6960355804691174,-0.911680143862997,-1.4991149699363446,-0.4263593588217673,1.3146827079835213
2017,Kentucky,38,-0.4764707749831464,0.8662168139592119,-0.617891566046114,-0.39068082702733103,0.21671744663245476,-0.40813643987451403,-0.3883987180842992,-0.2684141905212235,0.2766034607856948,1.1663623643842451,-0.41082143382601527,-0.602055987057259,0.5009172895720736,1.1618221706829037,0.4183676890240695,0.6911089493534281,-0.983078297553685,0.7601450188636742,0.046553351475826295,-0.5907328876192215
2017,Louisiana,81,-0.3488875811637732,-0.8716114026582457,-0.12962404293325755,-0.20248780116041376,-0.39410395427936795,-0.10191887911209446,0.13467073729738646,1.4701482235265078,0.06933432528881857,1.9707477054973572,-0.619523285917078,-1.004561969752112,-0.7509152244763968,0.556218447708471,1.7026749235237517,1.8032870675652248,-1.079133316798284,0.4119748311171554,-0.02632631175385027,-0.7029538817745762
2017,Maine,33,-0.4716258435722841,1.9484098397619014,-0.5009204965042674,-0.41639942236267924,-0.2230739620240576,-0.44328405298089235,-0.3888746684531634,-0.7296654432277645,-0.8566906833020628,-0.4483447410236256,0.6470810578079919,-0.5650911519118136,0.18667126752698432,-0.23290155495518328,-1.2076138584471554,0.29947570259606404,2.7621600108712667,0.7320983247410102,0.040682562722787995,-0.7842268942953335
2017,Michigan,45,-0.05657671937508276,-0.45295278683676726,0.11455200751309902,0.021152158277396447,-0.17420824995111178,-0.1512699797066668,-0.08866897329210946,-0.14423116094638558,0.04593297128110683,-0.4275672598878624,-0.13735004143082982,0.46170982435056657,-0.410911331771874,-0.5754652770417309,-0.9166698521514096,-0.1225326920776411,1.4868900389319284,0.7115634595336418,0.03638416465928296,0.46684473157975354
2017,Minnesota,62,0.04785846881461512,-0.8874098409911316,0.5454757958830979,0.032334156249286955,-0.2963725301334763,-0.14874224040792042,-0.2776212697311715,-0.7828867416169807,-0.09113210219263372,-0.9974638853259344,-0.34245358572721885,1.348865867841263,0.40818895519811266,-0.3246596947997943,-1.33092998098104,-0.6687612670488993,0.20082622038446307,-0.6751025825627457,-0.2538754776556087,0.6479225213123653
2017,Mississippi,80,-0.45439942077810713,-0.9269059368233467,-0.5242639637447226,-0.30088938331305026,-0.4185368103158409,-0.11347425876350653,-0.005020695964237513,0.4412031213349933,0.14065273750279747,-0.009049425581778533,-0.5511554378182816,-1.090813251758152,-0.1378779027818784,-0.7161610914701345,1.3557337851866635,1.5620747553918384,-1.0340782522244547,0.5927189361751224,0.01150739707869358,-0.8361433944303679
2017,Missouri,65,-0.46839588929837594,0.4317597598048475,-0.5281545416181318,-0.41080842337673396,-0.4185368103158409,-0.43136756771537366,-0.3918493582585642,-0.4280780856888723,-0.10116125391022439,0.8042405503038035,-0.3820349714686273,0.31795768767383364,-0.5242459626733816,1.5288547300613478,0.3005713860844581,0.09859719686451429,-0.9954756318661477,-0.6876387845067349,-0.2564995799136754,0.24996168986367015
2017,Montana,72,0.8499637801684803,-0.5398441976676401,1.3474423044845363,-0.044038889898725224,-0.638432514644097,-0.10540956671512519,0.18345565010596043,0.37024139014937163,0.18968414589990798,-0.5195818192033845,-0.1337517336361562,-0.6554496378229029,0.4287952517256594,-0.7283955101160825,-1.356206866952071,-1.459133511173016,1.442020254851229,-0.44489902468128356,-0.20568881962706798,0.5755086365317524
2017,Nebraska,63,-0.2713686785899768,-0.7847199918273728,-0.2380527567095752,-0.29250288483413234,-0.4185368103158409,-0.3656463459479676,0.07220225138396859,2.1620251025863193,-0.29951558788035315,0.03547374828057084,-0.43241128059405626,0.6876060391282904,0.26394487950528495,-0.30630806683087214,-0.4073559599312552,-0.9855570303225692,-0.20764319972515416,-1.3719242913351328,-0.39973555773642283,1.330855217142758
2017,New Jersey,28,-0.4091800609433926,3.852121658874662,-0.44146231726499174,-0.4144984827074578,-0.7605967948264616,-0.4325712530957291,-0.39791772546158194,-0.9070697711918186,-0.7374552128818167,-0.932163230327822,-0.3928298948526478,-0.9388467072713198,-1.116676987840353,-0.9424978364201748,0.004290300512945598,0.296888853910772,-0.061352693775730695,0.39102218205235156,-0.030712161149790588,-0.6716343199284088
2017,New York,56,-0.08672295926489246,0.021000363149812056,0.12918396342831193,-0.2449793934535977,-0.2963725301334763,-0.21085240603426023,-0.20848947865365575,0.05091359981407405,-0.26162768139167697,-0.1010639848973004,0.2944468939299896,-0.3638381605643868,0.4957657154401869,-0.208432717663287,-0.6777706408307,0.45384395693030005,2.2984032640442638,1.3010843526909142,0.15978382859443768,0.1459544155314507
2017,North Carolina,41,-0.44578620938101865,1.0715965122867295,-0.5179206302554685,-0.28858918554397067,0.11898602248656313,-0.3081101847669784,-0.32593023217088135,-0.12649072814998016,0.7056282842604112,0.8279862430303897,-0.29567558439646346,-0.2447292473179508,0.2639448795052848,-0.29407364818492393,0.7528741741710973,0.6721024971012797,-0.6104086655151535,0.41791494277749053,-0.025082915987676625,-0.758412624501942
2017,North Dakota,74,1.857171187915515,-0.8637121834918027,4.698752253527291,0.5706355386160961,-0.7605967948264616,0.3327319117342487,1.3020580045288965,-0.03778856416795305,-0.21928237413962692,-0.44537652943280226,-0.4000265104419948,-0.663664045633002,-0.7251573538169632,-0.9363806270972009,-1.4152603065494354,-1.9182452984693923,0.12983278733433254,-2.240425934421501,-0.5815320167389301,1.7186611677701673
2017,Ohio,73,-0.14540046190755776,0.10789177398068493,-0.394521649444511,-0.3299625780399656,0.07012031041361731,-0.3436189034874634,-0.3413986191589658,0.05091359981407405,0.3858097794883497,0.38572271599771957,0.02457380932947754,-0.2652652668431984,0.7945570150896158,0.6540937968760561,-0.1251528065247033,0.3361348710844126,-0.27571506686575437,0.8880823342458459,0.07333344002938691,0.35440006746962427
2017,Oregon,40,0.03816860599289058,-0.8637121834918027,-0.1846841776199836,-0.0347578315820561,-0.34523824220642213,-0.09493750390603302,0.42143083453802854,1.5056290891193187,0.4170115848319656,0.16607505827679583,1.449503696020181,0.4083161735849229,0.7739507185620691,0.28706123749761236,-0.698927608477585,0.7889137901599861,0.12150346167304331,1.8984743824745265,0.284830675566566,-1.0658072413925996
2017,Other States,43,-0.40002852383398607,0.8899144714585409,-0.17140546618247823,-0.19175308310739886,6.801372148461904,-0.02103122155221006,-0.24906424759932336,4.734387858065105,7.090854877793205,1.210885538246594,7.9048678796644305,1.4515459654675014,5.2661233615672804,1.871418452147895,-0.37956479450932623,-0.11427761230385933,0.5039091762827222,-0.1210558283533922,-0.13790132972060415,0.7885653315112935
2017,Pennsylvania,46,-0.4037968038202123,0.32906991064108865,-0.47182574023355495,-0.3138605009604432,0.09455316645009022,-0.2605646122429392,-0.34615812284760716,-0.09100986255716932,-0.1446209113531178,-0.9766864041901714,-0.4575994351567707,-0.6184848026774571,-0.7921278175314905,-0.41641783464440535,-0.3384149833196948,0.3331686136677116,0.37146700062883536,0.97760595175884,0.09207269837220466,-0.3040875759477372
2017,South Carolina,34,-0.4845456606679168,0.060496458982027004,-0.5426173419736313,-0.3739078300694953,-0.34523824220642213,-0.346868854014423,-0.34056570601345354,0.05091359981407405,-0.4298945602090331,0.32042206099960685,0.44557582130627615,-0.29812289808359455,-0.6478837418386626,-0.8446224872525898,1.1747971299311506,0.6538374114956511,-1.010300128076911,-0.019691358792115626,-0.11668352111701702,-0.8046807698064089
2017,South Dakota,57,3.0221080293717324,-0.8479137451589167,1.664608978947244,-0.010157436043896982,-0.5407010904982054,-0.2522591831184868,-0.042144824735640136,-0.4103376528924669,-0.6371636957059091,-0.9648135578268783,-0.2812823532177695,-0.37615977227953556,0.6812223841881084,-0.587699695687679,-0.8772371758414429,-1.5312603239200149,0.09215182427608186,-1.7824525762903365,-0.4856681395793411,1.6635562233587637
2017,Tennessee,41,-0.4587060264766514,1.3401699639457911,-0.5698513870874958,-0.37692696952190574,0.24115030266892767,-0.4011550646684526,-0.37531008294053547,0.015432734221263207,0.15736799036544877,0.9407782834816747,-0.49358251310350565,-0.6800928612532,0.2587933053733982,0.8804305418260967,0.6226924479024035,1.1909618238623931,-0.986165332425187,0.9556409452854061,0.08747494034765213,-1.0704726839287408
2017,Texas,66,0.737453706294012,-0.6899293618300569,0.7299399337506086,0.8094830152956773,-0.24750681806053051,1.9107634453802078,2.271687893497358,1.3637056267480754,-0.010898888451907495,1.077316016659546,-0.2596925064497285,0.5890331454071017,0.0990945072849103,-0.42865225329035345,1.5713513196328364,-0.317366828180615,-1.0440638668619877,-1.5152767421337903,-0.4297423725213839,0.9308912676814936
2017,Utah,31,-0.4630126321751956,-0.7294254576622718,-0.5376272529620847,-0.28747098574678165,-0.07647682580522014,-0.19351933655714215,-0.2516819746280761,0.37024139014937163,0.07490607624303598,-1.1013512910047496,-0.21651281291364657,-0.16669237312200993,0.6915255324518816,0.6418593782301082,-0.6741618733250823,-1.540359856176463,0.8524605189817002,-1.2013810514333938,-0.36403711390760896,-0.07230634192132951
2017,Vermont,45,-0.43448136942234,0.9373097864571988,-0.5723041427033407,-0.4288114401114777,-0.8338953629358803,-0.45183021918141586,-0.4047000182178959,-0.8893293383954133,-0.12010520715456272,0.2105982321391452,0.4059944355648679,1.0613615944877968,-0.6530353159705493,-0.8262708592836677,-1.1783947116598583,0.48849022342825843,3.438452983812125,1.7026465040008474,0.2438396018433493,-1.2020799435303067
2017,Virginia,35,-0.47808575212010046,2.169587976422305,-0.5986078322387813,-0.3903453670881743,-0.027611113732274324,-0.39393295238632003,-0.38625694142441064,-0.3393759217068452,-0.24714112891071258,0.9051597443917956,-0.41082143382601527,-0.569198355816863,-0.30787984913413985,-0.00044760068216886164,0.3779832468110303,0.09270033623464556,-0.7619773892240644,0.07756327984823276,-0.09632599034303607,-0.4393108095202208
2017,Washington,45,0.3590107305344366,-0.579340293499855,-0.02407097367206842,-0.02916683259611085,-0.32080538616994925,0.10162431870600752,0.11920235030930204,0.5831265837062367,-0.6683655010495249,-0.9974638853259344,-0.4036248182366683,-0.8649170369804284,-0.7097026314213032,-0.6916922541782381,-0.8898160835060915,0.6810939833787584,0.9968814565941749,1.6187888904509082,0.22628636250852907,-0.8017218318047891
2017,West Virginia,40,-0.47216416928460214,0.6845347731310232,-0.6052894768474624,-0.406000164248821,-0.32080538616994925,-0.4019976444347014,-0.3377100038002687,1.5056290891193187,-0.253827230055773,-0.9885592505534645,-0.4360095883887297,-1.1893861454793404,0.33091534321981203,-0.5142931838119903,-0.061143554442322674,0.4697785353215263,-0.23481215032602062,1.4382768802931778,0.18850123623348694,-0.8045234684221986
2017,Wisconsin,56,-0.13140399338728898,-0.16858089684481967,0.01187458276703845,-0.11415001718247873,0.14341887852303603,-0.2224077856856723,-0.18933247630687428,-0.14423116094638558,0.1562536401746054,0.41837304349677557,1.3127679998225883,0.7697501172292806,0.46485627064886653,1.1862910079747995,-0.9915639255221171,-0.19843138951165967,0.2165919678137022,0.392304859499528,-0.030443668603120918,0.2628864211853826
2017,Wyoming,53,-0.39895187240935004,-1.1006887584850924,-0.4054321830460281,-0.28747098574678165,-0.0031782576958014146,-0.3076287106148362,-0.32319351754991255,-0.3038950561140344,-0.4388093617357804,-1.1844612155478018,0.45277243689562324,-0.696521676873398,-0.3336377197935734,-0.6427545795944457,-1.4684435017635715,-1.3665383538625162,1.7606654081822537,-0.2703350513756771,-0.16914874803481245,1.1969049017390632
