,state_id,2015-01,2015-02,2015-03,2015-04,2015-05,2015-06,2015-07,2015-08,2015-09,2015-10,2015-11,2015-12,2016-01,2016-02,2016-03,2016-04,2016-05,2016-06,2016-07,2016-08,2016-09,2016-10,2016-11,2016-12,2017-01,2017-02,2017-03,2017-04,2017-05,2017-06,2017-07,2017-08,2017-09,2017-10,2017-11,2017-12,2018-01,2018-02,2018-03,2018-04,2018-05,2018-06,2018-07,2018-08,2018-09
Alabama,FIPS:01,4.25141065830721,3.9907792207792205,4.636381578947368,7.698621794871796,4.12320945945946,3.3692182410423452,4.9569387755102055,5.772842465753425,2.4152054794520548,2.9252650176678445,6.7292526690391465,11.505338078291814,4.126006944444445,6.2429,5.235101351351352,5.289663299663299,2.100304054054054,3.7607457627118634,4.421621621621623,4.7984,1.7434201954397397,0.16320388349514564,2.5662418300653598,5.524241379310345,8.793333333333333,3.328666666666667,4.582178571428573,4.191309090909091,7.653321033210332,10.36615942028985,5.469330855018589,6.57546468401487,3.616872727272728,6.8239776951672875,0.9779642857142858,4.014980988593156,2.3536713286713287,7.746020408163265,4.365992509363297,6.260689655172413,5.5437366548042695,5.178970588235295,4.277472118959108,4.8253612167300375,6.1073461538461515
Alaska,FIPS:02,4.899275362318841,2.4829901960784317,2.879052132701422,3.4224752475247526,1.2,2.5959903381642517,4.132105263157896,4.437684729064039,6.309471153846152,5.443653846153847,5.305368421052632,3.2383000000000006,4.727658536585366,4.207451923076923,2.5510243902439025,2.9320754716981132,2.6064077669902908,2.7862735849056603,4.173615023474179,4.8990140845070425,6.0411214953271015,2.005951219512195,4.237499999999999,3.435,3.3174054054054056,2.996485148514852,1.7176097560975612,1.396731707317073,2.9542512077294685,2.594523809523809,3.227064676616915,5.9016756756756745,6.049313725490196,5.8897979797979785,1.958102564102564,5.23365,3.173775510204082,2.0664615384615392,1.9814285714285715,2.2789371980676334,3.3274619289340097,2.8496500000000005,2.5764676616915425,5.850603015075379,2.34
Arizona,FIPS:04,1.980509708737864,0.5007932692307692,1.0313065326633166,0.4324146341463415,0.9586700767263427,0.7842118863049096,1.7328205128205132,2.0669423558897244,1.6225781249999998,2.075410256410257,0.8237121212121212,0.6651041666666667,1.6995781637717122,0.31987951807228915,0.09497549019607844,0.6624105011933173,0.3710757946210269,0.7751954022988505,1.7110879629629632,3.093219178082192,1.494940898345154,0.3573286052009456,1.0186788154897497,2.1955687203791467,2.3634651162790696,1.2337414965986393,0.4261609195402299,0.11103448275862067,0.2955687203791469,0.0762937062937063,3.6066746987951808,1.7640330188679243,0.38375291375291376,0.03109839816933638,0.03806818181818182,0.21301624129930394,0.5936363636363636,1.419977578475336,0.2926027397260274,0.018758620689655173,0.12099537037037035,0.5509692671394799,2.7095903614457835,2.382722891566265,0.987075
Arkansas,FIPS:05,3.3991029900332226,2.8668275862068966,7.804027303754267,5.602093023255813,11.350999999999999,3.913311475409836,4.866183745583039,2.9477580071174376,1.6832404181184668,3.499407665505226,10.721619718309858,8.873030303030303,1.845919732441472,2.104119601328904,8.62092409240924,5.7908,4.603003412969284,3.0701718213058418,5.120664335664336,7.457625899280576,1.860070175438596,1.8412099644128117,3.2591366906474817,3.283210332103321,2.8351985559566786,2.64979020979021,4.987026022304833,9.150034722222225,6.666989247311827,3.971557093425605,5.062482269503546,6.028727272727273,0.7605281690140845,1.9561254612546128,1.0615018315018314,4.873927272727274,2.5014436619718308,11.360282685512367,5.116241134751774,4.955226480836237,3.5395373665480423,2.8113138686131385,3.354082397003745,6.857316176470588,5.153991769547324
California,FIPS:06,0.5071375,2.863572327044025,0.7619089759797724,1.238007662835249,0.8332978723404255,0.2082493368700265,0.6598801597869507,0.06317333333333333,0.4852424639580603,0.647038007863696,2.0063963963963967,4.948423076923077,6.9897539975399745,1.1673619631901841,5.5588316582914565,1.4081954887218042,0.6488296488946683,0.16216041397153946,0.03824289405684755,0.023902759526938242,0.11739187418086501,3.9350196078431368,2.558647594278284,5.017992327365729,11.434962406015035,9.332438118811881,2.723614303959132,2.769820742637644,0.4611904761904762,0.263048128342246,0.03923489932885907,0.1489068825910931,0.3480319148936171,0.3491632928475034,3.2648655913978493,0.2871218206157965,4.080312093628088,0.6309743589743589,5.935427807486633,2.232332015810277,0.4905291723202171,0.052734693877551024,0.122590027700831,0.032889200561009815,0.047428571428571424
Colorado,FIPS:08,0.5764856557377048,1.705102880658436,0.8019435736677116,2.420557275541796,5.8064300000000015,2.34132,2.29970736629667,1.4723702950152593,0.6258224016145308,1.868265720081136,1.743001071811361,1.365900755124056,0.8922291666666666,0.9556041666666666,1.7098387096774197,2.7794625922023184,2.009725158562368,1.3646666666666667,1.4172670157068064,1.968924508790072,0.6763851699279093,0.4738940809968848,0.8066878306878307,1.4677212389380532,1.9810085836909876,0.8307828810020876,1.113778014941302,2.2982886597938146,3.3899381443298973,0.5801619433198381,2.5744599999999997,1.9204343434343436,1.8759700000000004,1.1551752577319587,0.5700308324768755,0.4470514165792235,0.7284903748733536,1.0778147762747141,1.0929281183932344,1.2893595041322312,2.0010323253388944,1.017010101010101,2.205917525773196,1.2434974358974358,0.6945726495726495
Connecticut,FIPS:09,3.7033333333333336,2.243333333333333,3.200238095238096,3.12,1.162093023255814,6.6724999999999985,2.6747619047619047,2.0748936170212757,3.3230434782608698,3.6991666666666663,2.2012244897959183,4.0698113207547175,2.2833333333333337,5.1375,2.273888888888889,3.0519696969696968,3.3547222222222226,1.74825,3.3394805194805195,4.061728395061729,1.982643678160919,3.970337078651685,2.9469318181818185,3.74314606741573,3.7210465116279066,2.49925,3.4264473684210524,5.300864197530864,5.332888888888889,3.530113636363636,4.451411764705883,2.6263736263736264,2.167173913043478,7.881818181818181,1.72752688172043,2.450126582278481,4.029285714285714,5.613580246913581,3.799743589743589,5.502999999999999,2.7236263736263737,4.049651162790696,5.266867469879519,5.646741573033707,8.669662921348317
Delaware,FIPS:10,4.888148148148149,2.5834615384615387,4.466923076923077,3.4434615384615386,1.5400000000000005,8.408999999999999,3.797037037037037,2.8160869565217386,3.2380769230769233,4.819583333333333,2.9011538461538464,4.951153846153846,2.8865217391304343,4.192,2.086818181818181,2.504736842105263,6.61575,3.1366666666666667,6.253142857142858,2.32547619047619,8.786829268292681,2.8574358974358973,0.8741176470588236,3.2205263157894737,3.0008571428571433,1.0810810810810814,3.572631578947369,3.8060526315789467,5.907619047619049,2.9697435897435898,8.322564102564101,6.957692307692307,2.0270270270270268,3.827948717948718,2.014864864864865,1.2105555555555556,2.9450000000000003,4.915555555555555,4.149655172413794,3.598333333333333,7.684848484848485,4.262972972972974,5.555675675675674,3.914285714285714,9.413636363636364
District of Columbia,FIPS:11,3.28,1.215,4.226666666666667,3.4419999999999997,2.313333333333333,10.98,5.01,1.46,2.5380000000000003,3.4475,2.1775,4.86,2.52,4.3975,1.5233333333333332,2.145,5.8375,3.4419999999999997,5.5760000000000005,2.715,3.088,0.966,0.45,3.5575,2.915,0.425,2.3175,3.662,6.3925,1.102,8.488,6.5525,2.195,2.7125000000000004,2.083333333333333,0.7033333333333333,0.99,4.545,2.145,4.62,8.32,5.986666666666667,9.13,5.65,10.193333333333333
Florida,FIPS:12,2.660767790262172,3.167586837294333,2.385858778625954,4.1804389312977115,2.3109919028340085,5.500756972111553,8.266551724137932,9.018611111111113,7.715318725099603,2.095532786885246,3.7063146551724135,3.4172175732217576,6.752530120481929,3.225864077669903,3.108268041237113,2.3509523809523816,5.239168443496802,7.473132780082987,4.825982721382291,8.070257510729615,7.623762993762994,3.678322717622081,0.2555708661417323,2.3752663934426232,3.09648,1.836795366795367,1.270640776699029,2.3859963768115944,3.6721824686940967,12.441726618705035,7.387320143884892,8.93906890130354,9.986697038724374,6.178400770712909,2.1239089184060718,1.5322612085769982,3.2294280442804437,1.8670034843205576,1.7945945945945947,3.948638743455497,10.094018348623852,6.7479562043795625,8.273269230769232,7.429961464354527,4.815009671179883
Georgia,FIPS:13,3.6277707006369435,4.337245901639346,2.8123448275862066,6.498225255972695,2.441,3.780764525993885,4.959142857142857,6.259195046439627,4.055769230769231,4.008038585209003,7.348496932515338,9.570370370370373,4.10853125,4.991428571428573,2.567893175074184,3.708685897435898,3.047444794952681,3.745565749235473,3.0525974025974025,4.2237341772151895,2.7832424242424243,0.9985802469135802,1.269478527607362,4.946854304635762,7.209842271293378,2.0404702194357367,2.75203125,4.503968253968254,6.021487341772152,6.379868852459017,5.473675496688743,4.873018867924528,4.934012944983818,4.126472491909387,1.1777922077922078,3.318474576271186,2.9144625407166123,4.8828125,4.036623794212218,4.6825,6.950097402597402,5.2117375886524835,5.864723247232473,5.791908127208482,2.74789667896679
Hawaii,FIPS:15,3.355714285714285,2.599264705882353,5.1952816901408445,5.276040268456375,4.50272,3.9908888888888887,3.874580152671756,9.823000000000002,11.553984962406016,7.034692307692307,10.14074074074074,4.757573529411765,0.9760902255639096,2.0504411764705885,3.959,5.5559701492537314,5.371129032258064,5.312265625,6.347067669172933,6.785597014925373,5.909083969465648,5.138593749999999,3.68484126984127,8.314838709677419,3.608686131386861,3.7458015267175577,3.7267424242424236,6.200155038759688,4.049268292682926,2.779672131147541,3.1721875,3.946722689075629,2.3684873949579828,7.790161290322579,8.360075187969926,6.394634146341463,3.837007299270073,10.279624060150377,7.4252419354838715,9.568897637795276,5.297345132743363,3.3737391304347826,4.377155963302753,12.836146788990824,6.479905660377359
Idaho,FIPS:16,2.1578423236514523,2.094117647058824,1.787448559670782,1.2352032520325205,2.8036974789915967,0.7412799999999999,1.246090534979424,0.7553999999999998,1.250281124497992,1.7529435483870968,2.6339256198347107,5.147339055793991,2.941078838174274,1.739032258064516,3.912248995983936,1.5861627906976743,2.285157480314961,0.8212499999999999,0.7022834645669291,0.17634920634920634,1.7351574803149603,5.030546875,1.6261788617886177,3.859831223628692,3.5992050209205018,5.430927419354839,4.675546558704454,3.162064777327935,1.6321576763485481,1.5965737051792834,0.3011328125,0.33571984435797664,1.9345528455284555,1.8178008298755184,3.85991967871486,2.38440170940171,3.0485416666666665,2.32725,2.9565690376569043,2.6484873949579835,2.4911570247933885,1.606707818930041,0.12839662447257386,0.4994067796610169,0.17383177570093458
Illinois,FIPS:17,1.3785287846481875,1.41468487394958,1.7192624728850332,3.2164326375711574,5.281663551401869,8.853552631578948,4.54337760910816,2.974401473296502,3.825121495327103,1.4226768642447418,5.052509960159362,6.439027237354085,0.8245454545454546,1.2373430962343095,3.2999793814432987,2.9264895635673627,4.528437500000001,3.4972813688212927,6.625084427767355,6.432007299270072,3.098203266787659,2.776802973977696,2.5088497217068646,1.391804670912951,2.296694214876033,0.80352,3.8968453608247415,6.156452205882353,5.188221830985915,3.2335663082437285,5.435652173913042,2.301021126760564,0.7153125,6.110127041742286,2.2291528545119705,0.6840077071290944,1.2325609756097557,4.7525,3.1639230769230764,2.216324324324324,4.401866197183098,6.722992957746477,3.10084229390681,4.920446428571428,4.554057971014492
Indiana,FIPS:18,1.9981360946745563,1.5303459119496856,3.4240186915887847,4.459648648648648,4.149728260869565,8.735273631840796,6.22157894736842,2.884213197969544,2.622205128205128,2.1390155440414507,3.3691735537190084,5.236520547945206,1.3670392749244713,2.6603039513677813,4.263712574850299,4.086194444444445,3.6135263157894735,4.237704485488127,5.14088471849866,6.577244897959182,3.618272251308901,2.8048108108108107,2.675191256830601,2.3108668730650157,3.695571847507332,1.3574052478134107,4.162514619883041,4.730989583333334,7.0999019607843135,4.0700997506234415,6.091645244215938,2.1983009708737864,1.9323979591836733,4.463316326530612,4.505366492146597,1.2972727272727274,2.028930817610063,6.009432835820896,3.731087613293052,3.5850872093023254,3.365133689839572,6.0906382978723395,3.222359249329759,5.4211052631578935,5.203141210374638
Iowa,FIPS:19,0.5635271317829457,1.1572373540856031,0.6085992217898832,3.2626785714285718,5.09629893238434,6.741577060931901,5.550985915492958,5.1759363957597175,4.131195652173913,1.892644927536232,4.1237121212121215,4.7806201550387595,0.6059036144578314,0.8662343096234308,2.4155144032921814,3.0570676691729326,4.349265734265734,3.776107142857143,6.102811387900356,6.3995289855072475,6.030811808118081,2.0517948717948715,1.4554074074074077,1.5353571428571429,1.6113888888888892,1.0050583657587546,2.6214285714285714,3.907343173431735,4.793118279569893,3.560173611111111,3.2911418685121103,3.52573476702509,2.1806315789473687,5.2636170212765965,0.475729537366548,0.40245210727969344,0.9924060150375938,1.7297560975609758,2.38722433460076,1.4353928571428571,4.7238538205980065,7.353063973063973,3.46264406779661,6.337167832167832,7.8525531914893625
Kansas,FIPS:20,0.3375227686703097,0.8478402903811252,0.5124598930481283,2.790527240773286,8.476305084745764,3.4464273504273497,4.93093309859155,3.1186159169550174,1.730618374558304,1.5982842287694974,3.2864065335753176,2.5475740740740744,0.5256489945155393,0.5533558178752108,0.9319520547945204,5.494150326797387,5.328143100511073,2.325091210613599,5.478476027397262,5.5171334431630985,4.613483535528597,1.600684474123539,0.5176666666666667,0.7253169014084507,1.6795869191049912,0.2790311986863711,2.993733108108108,5.4261873990306935,4.944924874791318,3.5807131011608626,2.350099667774087,3.778521594684385,2.4894276094276093,3.0234437086092716,0.18015228426395935,0.1306896551724138,0.4167250437828371,0.6524162257495589,1.1546666666666667,1.2841935483870968,4.161717171717172,3.6776460481099664,4.175840407470289,4.6076581196581206,3.6221343873517786
Kentucky,FIPS:21,1.81119170984456,3.1484745762711857,6.538225806451613,8.715634517766498,2.7163829787234044,5.695,9.538410256410256,2.9501036269430063,2.738062827225131,3.9908205128205134,4.3425683060109295,6.588196721311477,1.8082738095238096,4.841627906976744,4.358011695906433,3.660904255319149,6.285614973262033,3.688350515463917,8.31678391959799,4.885854922279793,2.2373604060913705,1.1116842105263158,1.974444444444444,5.745543478260869,4.331612903225806,1.9115544041450772,4.551968911917099,4.452315789473684,6.120248756218905,4.945870646766169,4.599631578947369,4.003842105263158,4.761020408163267,5.494404145077722,2.4682383419689122,2.8738121546961324,2.5124855491329483,9.219606741573033,5.083546511627907,4.442202380952381,4.817485380116959,6.2869090909090914,4.194058823529412,5.016097560975608,8.632745098039216
Louisiana,FIPS:22,5.719204545454545,3.0792432432432437,5.599085714285716,8.185416666666667,8.097058823529412,5.9453631284916195,3.397456647398844,2.8628729281767957,2.957653631284916,7.428491620111731,9.039662921348317,5.823579545454544,4.650166666666666,3.5273076923076925,11.095842696629212,6.813125,6.012673796791443,6.489447513812153,4.900755813953489,14.134795321637428,3.297653631284916,0.5021739130434782,2.8575268817204305,6.234971428571428,6.9862777777777785,2.3770224719101125,3.809532163742689,5.294111111111111,9.800923913043476,9.427529411764707,4.495636363636363,12.774114285714285,0.8731147540983605,3.1056179775280897,1.8447191011235955,5.487225433526012,5.0100578034682055,7.48,4.781242603550296,5.2167415730337074,2.0421229050279326,3.7087790697674414,4.8819774011299435,4.482643678160921,7.607828947368421
Maine,FIPS:23,3.6221138211382113,2.1957017543859654,1.6577876106194689,3.5025641025641017,1.9166141732283464,6.3105555555555535,2.5807633587786256,3.67824427480916,3.803030303030303,6.1800000000000015,2.45704,5.179354838709678,2.962113821138212,4.679516129032258,3.893658536585367,2.5790625,2.3200787401574816,3.3391538461538466,3.407851239669421,3.0961764705882358,1.4525735294117648,5.11623076923077,3.9085401459854014,4.672357723577236,3.806015625,3.6019672131147544,2.8281512605042014,4.594227642276423,5.8188571428571425,3.232164179104477,2.433409090909091,2.5820634920634924,2.9018181818181814,6.6931111111111115,2.548897637795276,3.9237815126050415,4.84248,3.4720325203252034,2.9829661016949154,5.006315789473684,1.48365671641791,3.8259842519685043,3.399626865671642,3.7981203007518793,4.053759398496242
Maryland,FIPS:24,3.9375396825396822,2.124961832061069,4.50015625,3.5555797101449267,2.5281203007518798,9.377878787878787,3.627086614173229,2.4585925925925927,3.8131125827814576,3.9172463768115953,2.5256028368794317,4.764926470588235,3.4980165289256195,4.223015873015873,1.8438059701492535,2.1146875,6.22104,3.987404580152672,5.349430894308943,3.0224806201550387,5.7545925925925925,1.9838059701492536,0.8312056737588651,3.5022950819672127,3.180393700787401,0.9256296296296296,3.2656692913385834,3.8613235294117647,5.981702127659575,1.8980147058823529,7.928538461538462,5.843203125,2.1516312056737594,3.7565734265734263,2.0500689655172413,1.003257575757576,2.2194776119402984,4.934492753623188,2.754242424242424,3.7052898550724636,7.9790647482014405,5.497401574803148,8.856616541353382,5.091068702290078,9.833543307086613
Massachusetts,FIPS:25,4.06042735042735,3.1829824561403512,3.2392920353982304,2.3603333333333336,0.7880645161290323,5.9860799999999985,2.8580620155038763,2.955801526717557,3.301824817518248,4.654748201438848,2.7039860139860137,4.773356643356643,2.88273381294964,4.60273381294964,3.1492957746478867,3.255192307692308,2.9800617283950617,1.6393902439024388,2.106242424242424,2.516959064327485,2.3469714285714294,5.446647398843933,2.4,3.617869822485208,4.423964497041419,2.8160000000000003,3.131411042944785,6.022977528089888,5.498333333333332,4.390969387755101,3.618306878306879,3.134198895027625,3.5791044776119407,6.443958333333334,1.9793846153846155,2.7177595628415303,4.569265536723163,4.9538728323699415,5.124397590361445,5.07542372881356,2.077835051546392,3.824060913705584,3.8895000000000013,5.4427586206896565,7.1416577540106925
Michigan,FIPS:26,1.4003367003367002,1.147017543859649,0.8848504983388705,2.4946017699115046,4.252929577464789,4.426657381615599,2.473656509695291,3.3019469026548682,2.899941520467836,2.3661516034985426,2.9892192192192186,3.546070287539936,1.7395765472312703,2.033355263157895,3.8277302631578953,2.7956000000000003,2.6858529411764698,2.155158501440922,3.7611470588235294,5.232634560906514,3.7945,3.515906432748538,2.0900909090909088,2.348552631578948,2.947119205298013,1.9235691318327972,3.2942574257425736,4.224183976261128,3.3862857142857146,4.211173184357541,2.7366852367688024,3.271794871794872,1.4359400544959129,6.61680216802168,2.998100890207715,1.9380327868852458,1.785817610062893,3.2799041533546323,1.289198717948718,3.228972809667673,4.693724928366762,2.959390581717452,2.177191011235956,4.6671022727272735,3.686795252225519
Minnesota,FIPS:27,0.4184848484848485,0.4336531365313653,0.6865942028985508,1.8739548022598869,5.054070080862534,4.084906166219839,4.942037533512064,3.849376693766938,3.25051912568306,2.2112806539509537,2.9957877813504825,2.223859649122806,0.5041726618705036,0.7253260869565217,2.149090909090909,2.3812569832402235,2.795116883116883,4.185497382198953,6.177922077922077,6.4452141057934496,5.4874805194805205,2.5829490616621986,1.9065749235474008,1.7670723684210528,1.081071428571429,0.9673566878980892,0.9414657980456024,3.1307180851063827,4.4564805825242715,3.872176039119805,3.2822434367541766,5.553934010152284,2.862487179487179,3.943101604278075,0.5125655976676385,0.6394303797468355,0.7289240506329113,1.152733118971061,1.1794585987261148,1.6921450151057402,3.18286432160804,5.447069408740361,4.2083937823834185,3.2640957446808505,5.193153153153153
Mississippi,FIPS:28,4.741712962962963,3.966111111111112,6.544925373134331,6.704306220095693,5.9799502487562215,3.95618811881188,4.439257425742574,3.2045,1.9787745098039216,4.893282051282052,7.70174358974359,7.44628272251309,3.801231527093597,5.6168749999999985,10.432,6.543333333333332,2.7972959183673467,4.2753125,5.1476041666666665,6.134734042553191,1.91145,0.5159487179487179,3.343010204081632,5.084095744680852,7.702020725388602,2.8648730964467,4.086321243523316,5.565,7.162295081967215,10.708457446808513,5.180604395604396,7.276944444444443,2.3889304812834227,3.4241578947368416,1.2422459893048128,5.25561797752809,3.8269005847953217,9.945185185185188,5.721788079470199,6.960980392156862,4.042727272727272,3.9002739726027404,5.429160839160838,5.081714285714284,6.944275862068966
Missouri,FIPS:29,1.0034607218683649,1.6251982378854628,3.086132478632478,3.5808924949290057,7.4922489959839345,7.748935742971888,7.969959758551308,3.996707317073171,2.2227676767676767,1.5222874493927123,7.812431865828093,7.776977225672878,0.908649789029536,0.8750718685831621,2.8842708333333333,3.765851272015656,5.627701612903227,2.4219175257731957,6.8514376321353065,6.228278008298755,4.701074380165291,2.4318840579710144,1.4330390143737166,1.121609977324263,1.8325669642857143,0.4750103519668738,3.813246753246753,9.777852631578947,6.079360824742267,4.394111349036403,3.5348218029350114,5.6081512605042025,1.0465060240963855,3.8831465517241384,0.7431049250535332,0.9298218262806236,1.5944117647058824,4.793656884875847,3.8697807017543857,1.9013525498891355,4.154349680170576,3.6137719298245616,2.2908810572687224,5.6530043859649135,3.1283254716981133
Montana,FIPS:30,1.3309793814432989,1.057838541666667,1.0365482233502537,1.2721994884910486,2.6758838383838386,1.7553266331658293,1.8404260651629076,1.025062656641604,1.3213994910941471,1.536485788113695,1.4804497354497352,1.9343007915567278,1.0678092783505155,0.9698721227621484,1.6554568527918785,2.228147208121828,2.9729648241206035,1.49526582278481,1.9669402985074624,1.0499751243781097,2.3618427518427523,3.635037037037037,0.8064432989690723,1.816857142857143,0.9911253196930946,2.024671717171717,2.23733681462141,2.47343669250646,1.7560969387755099,1.886075,0.4802030456852792,0.42306905370844,2.321083123425693,1.2159473684210529,2.0797416020671835,2.1534324324324325,1.4158015267175574,2.3726098191214477,1.5544415584415583,2.5307751937984504,2.9998969072164954,3.8212307692307688,0.7686279683377307,1.0912737127371277,0.9556268221574344
Nebraska,FIPS:31,0.15881685575364668,0.6500645161290323,0.3182116244411326,2.7813495276653164,5.885935828877005,5.425834428383705,3.34270341207349,3.0816754617414253,2.871474966170501,1.2116032064128257,2.1327215189873416,2.0800331125827816,0.4568506493506494,0.7648684210526316,1.0774603174603177,5.296772334293949,4.993771929824561,2.0983965014577257,3.6134939759036144,3.2296187683284456,2.462964071856287,1.167639751552795,0.9126557377049179,0.8094736842105263,0.9607028753993612,0.550891719745223,1.7215873015873018,2.546717325227964,5.218571428571427,2.0811214953271033,2.8573885350318466,4.224492307692308,2.6915822784810124,3.309738562091503,0.21103092783505156,0.3797142857142857,0.6555363321799309,0.6477003484320557,1.3339862542955327,1.3058245614035089,4.245838926174496,5.405224913494808,4.589715302491103,3.1353846153846154,3.3901550387596897
Nevada,FIPS:32,0.61203125,1.0841237113402062,0.4867204301075269,0.9938709677419356,2.3250543478260868,0.6601063829787234,1.3015168539325843,0.5614606741573034,0.35150837988826816,1.8825698324022344,1.8605649717514123,2.2993785310734465,2.3303370786516853,0.6835,1.6361797752808986,2.091153846153846,1.2066298342541435,0.374245810055866,0.2316,0.2605113636363636,0.7773863636363636,2.193850574712644,0.7795454545454544,2.7234131736526943,4.749878787878788,3.0294886363636366,1.4879651162790701,1.685438596491228,0.7338333333333333,0.5756069364161851,0.6336871508379888,0.611638418079096,1.0497175141242938,0.2751851851851852,1.6469999999999998,0.3157948717948719,1.1824352331606218,0.6010714285714286,2.5350264550264554,0.9507106598984773,1.8218324607329843,0.1541708542713568,0.6991578947368421,0.2293908629441624,0.06148148148148148
New Hampshire,FIPS:33,3.5307368421052625,2.6231182795698924,1.6172826086956524,2.7644680851063823,1.227956989247312,7.208709677419353,3.3582222222222216,3.4929032258064514,4.3959782608695654,4.456739130434783,2.309888888888889,4.954468085106383,1.938131868131868,4.365326086956522,3.418043478260869,2.3397826086956517,2.3101086956521737,2.6353125,3.148383838383838,3.5303061224489802,2.2455,4.8257843137254905,2.8560000000000003,4.163653846153847,2.8083962264150952,3.306635514018692,3.1497115384615384,4.986153846153846,6.726542056074767,4.944636363636363,3.8181730769230757,3.836,3.0675,7.926037735849057,1.804299065420561,3.4890196078431366,3.7694174757281567,3.515533980582524,3.1844444444444444,4.747087378640778,1.6430841121495328,3.9155238095238096,5.162454545454546,6.527100000000001,5.2331730769230775
New Jersey,FIPS:34,4.442173913043479,2.2588461538461537,4.509497206703911,2.6100000000000003,1.0565656565656565,7.739948717948718,3.3286243386243393,2.2143076923076923,3.315833333333334,4.093608247422681,2.194639175257732,4.7971875000000015,3.2937433155080216,4.439184782608695,1.7542408376963354,2.21580487804878,4.270689655172413,2.460666666666666,6.451979166666668,2.3262564102564105,2.7815420560747666,2.7744230769230764,2.4385853658536583,3.617892156862745,3.8574619289340095,1.6635820895522389,3.954818652849741,4.508612440191388,6.207607655502392,3.4025961538461535,5.720650000000001,4.991308900523562,2.2164622641509437,5.099758454106281,1.68935,1.6155958549222795,2.9163687150837987,6.102642487046633,4.864516129032258,4.388712871287129,5.5448958333333325,3.3590500000000003,6.103469387755103,6.023406593406594,7.552090395480226
New Mexico,FIPS:35,1.3318105263157896,0.7311397849462365,0.6873568281938326,0.7426293103448277,2.3803913043478264,1.3206753812636165,3.6415010570824515,1.6779375,1.0352380952380953,2.6415294117647057,1.0855257270693512,1.2026206896551723,0.6169162995594715,0.3066021505376344,0.0642548596112311,0.9195333333333332,0.7166828087167071,0.9837555555555556,1.1586965811965813,3.0772349272349278,1.9527789473684207,0.34515086206896545,1.2343355119825707,1.2292904656319288,2.000196936542669,0.6166320166320167,0.4410208333333333,0.9613608247422679,0.6742857142857143,0.7470146137787056,2.464130879345604,2.8689937106918237,2.1176326530612246,0.9523293172690764,0.1694949494949495,0.13147302904564315,0.1918452380952381,0.9509233791748526,0.28800000000000003,0.1017892644135189,0.3786956521739131,0.9056995884773664,2.738629856850716,1.8996926229508195,1.7364425162689805
New York,FIPS:36,2.5029773462783176,2.157859424920128,1.8558957654723127,3.0727384615384614,2.4792561983471075,7.248194444444445,3.6586571428571433,2.976515580736544,4.4656666666666665,3.6145938375350144,1.8937352941176464,3.706706231454005,1.8662537764350453,4.2285029940119765,2.0230952380952383,2.499345238095238,2.531017441860465,2.500943396226415,3.1060795454545453,4.25804469273743,2.5581389578163773,5.100778894472362,2.7299475065616803,3.63963687150838,3.5679624664879355,2.823678474114441,3.5977683615819216,4.995865633074937,5.832790123456791,4.344441687344913,5.04789603960396,3.436417910447761,2.4626618705035974,5.602893518518518,2.898291457286432,2.541436314363144,3.2166042780748665,3.5280051813471514,3.490371352785146,3.714021164021165,2.77841075794621,3.15374695863747,4.696435643564357,5.625202020202019,5.194315789473684
North Carolina,FIPS:37,3.824252491694352,3.4387676056338026,3.288666666666667,4.317643097643098,2.548198051948052,4.872525252525253,4.354619289340102,4.13719387755102,5.722227722772278,7.078962108731468,7.457396351575456,7.495561312607945,2.9902010050251264,5.734519867549668,2.0117973856209157,2.5512,5.372265758091993,4.14886287625418,5.3889579831932775,5.0341518578352185,6.3948613376835235,4.9430327868852455,1.0529402261712442,3.3254329371816636,4.0765136054421784,1.1761702127659577,3.626645056726094,6.880622009569379,6.360651828298888,4.857904,4.637812995245642,5.127191358024692,4.276165644171779,5.049037267080745,1.3304754358161648,2.8459795570698465,4.114174757281553,3.1556031746031747,4.190226537216828,5.280660225442834,7.586035889070146,3.974904153354633,6.494120521172639,6.9590531561461795,9.19776595744681
North Dakota,FIPS:38,0.4572222222222222,0.4217924528301888,0.4478301886792453,0.5851968503937008,4.282517985611512,3.7440875912408753,2.5923846153846157,1.6110606060606059,1.4150769230769231,1.3564179104477612,0.5211811023622047,0.6009836065573771,0.26216,0.3949166666666667,0.522892561983471,2.86890625,2.237,2.755886524822696,4.430215827338128,2.4182608695652177,3.047638888888889,1.3485074626865672,1.0806349206349206,1.4778703703703704,0.5493103448275861,0.44182608695652176,0.4743589743589744,1.028283582089552,1.0491970802919708,2.126,1.2791549295774651,2.9426618705035965,2.620791366906474,0.2837777777777778,0.3102542372881357,0.4302702702702703,0.25833333333333336,0.3862608695652174,1.4848305084745763,0.4947540983606558,1.7666906474820143,4.709931034482759,3.090078125,1.5553488372093025,1.84496062992126
Ohio,FIPS:39,2.5693469387755097,1.4806910569105691,3.309362549800797,4.385567765567766,3.2927075812274365,8.067697841726616,4.7858992805755385,2.6613986013986017,2.8159027777777776,2.7964028776978416,2.302372262773723,4.231287878787879,1.3243032786885245,3.2043089430894307,4.040456273764258,3.3271739130434783,3.2615107913669066,3.217509025270758,2.997535714285714,4.325034965034964,3.873010380622837,2.90625,1.2830107526881722,3.100038022813688,4.020727969348659,1.998136882129277,4.446254980079679,4.0756097560975615,5.561760797342193,4.2817288135593214,6.2593559322033885,2.2994158075601376,1.8720469798657715,3.7878260869565215,5.280268456375839,1.6008494208494208,2.3456704980842917,5.274468864468863,3.407179487179488,4.5790592334494775,4.062733333333334,5.200787671232876,3.058862876254181,5.077234726688103,6.0257950530035345
Oklahoma,FIPS:40,1.0247385620915033,0.989933554817276,2.0774750830564783,4.905150501672241,15.086935483870967,5.173129032258065,5.618548895899052,2.14375,2.0947936507936507,3.2181028938906757,5.169490445859872,5.04010909090909,0.4343493150684932,1.0315873015873016,2.2772063492063492,6.088639240506329,3.8572818791946317,3.362549019607844,3.9439087947882734,2.439642857142857,3.604083601286173,1.7762738853503184,1.1719935691318328,0.7220915032679738,2.382793103448276,2.174025974025974,2.6478797468354434,6.67759375,4.2371428571428575,2.2025878594249204,3.311034482758621,6.806538461538461,2.913443708609272,3.998529411764706,0.2395806451612903,0.8352364864864864,0.3070569620253165,3.6623630136986303,1.7766447368421054,2.0655263157894743,3.985439739413681,4.156085526315788,2.8447457627118635,4.1869000000000005,5.572717391304349
Oregon,FIPS:41,3.0726465028355383,5.331171875,3.8118702290076336,2.332618595825427,1.6379133858267716,0.5477413127413128,0.4289902912621359,0.6001178781925344,1.006924603174603,2.4979343629343633,5.8130961538461525,15.377148148148148,7.699264705882353,3.8199821109123433,7.100638686131388,2.6583948339483388,1.4823320158102766,1.3247450980392157,0.8018093385214008,0.13127906976744189,0.8950793650793651,10.77175,6.538298279158701,6.899178356713428,6.13858,10.476570327552986,8.206525096525096,5.1606463878327,2.140451866404715,1.6422800000000002,0.03984848484848485,0.19468627450980394,2.0069504950495047,4.8574263261296675,7.609420560747663,3.4271819960861056,6.354064748201437,3.1476691729323307,4.503835877862596,4.879001848428834,0.8089728682170542,1.2213163064833006,0.03604651162790698,0.1633794466403162,0.6344195519348269
Pennsylvania,FIPS:42,2.591655844155844,1.522196721311475,3.513540983606558,3.4948275862068963,2.2268670886075954,8.289348534201954,4.2668152866242055,2.7099074074074068,4.318686567164178,3.8103039513677817,1.879,4.174728434504792,2.641550632911392,4.165522875816993,1.8103514376996808,2.433478260869565,4.26382911392405,3.2540184049079754,4.186134185303515,3.52,3.6807530120481933,3.3549079754601223,1.5587869822485207,3.7517197452229296,3.616369047619048,1.979970238095238,3.8772897196261686,4.296472303206997,5.623452380952381,4.428823529411765,6.306238805970151,4.122433234421363,2.1070467836257314,4.79860119047619,2.6235347432024168,1.6617133956386296,3.2364590163934426,5.588701298701298,3.2926213592233013,4.066109324758842,5.483707165109034,5.303217665615142,7.196349206349208,6.7209206349206365,9.070729166666666
Rhode Island,FIPS:44,3.74,2.7347058823529413,4.546666666666666,2.3194444444444438,0.94375,5.388999999999999,3.5036842105263157,2.602,3.531904761904762,4.573478260869566,2.66,5.331739130434783,3.4775,5.3075,2.7181818181818183,4.104399999999999,3.408,1.6458333333333333,2.4011111111111108,2.85,2.7079999999999997,6.0496428571428575,3.135625,3.621071428571428,5.071034482758621,2.495151515151515,3.737741935483871,6.9855882352941165,6.178285714285713,3.831470588235295,3.6036363636363635,1.9463333333333328,2.4916666666666667,7.124358974358974,2.943611111111112,2.7184848484848483,5.8275000000000015,5.7034375,5.565312499999999,5.082380952380952,2.3297560975609763,2.5173170731707315,2.112051282051282,4.28375,7.597179487179487
South Carolina,FIPS:45,3.687147147147147,4.048711656441719,3.0856112852664577,4.7545230769230775,1.8158529411764703,4.655706051873199,3.4107038123167155,6.087030303030304,4.53360248447205,11.920504451038575,7.571903323262839,6.952222222222222,3.169545454545455,4.536910112359552,2.3610650887573965,2.190769230769231,5.685242424242425,3.363403614457832,3.605140186915888,4.321794117647058,6.237692307692307,4.0793030303030315,1.0624712643678158,3.989970930232559,5.169915730337078,1.3653972602739726,2.6768319559228644,5.868655462184873,5.6653824362606215,4.827386363636363,5.677406340057638,5.06531914893617,5.162554347826087,3.9449299719887967,1.2199423631123918,3.3426027397260274,3.0037292817679555,2.7720111731843566,3.3849864498644986,4.443763157894737,6.350535211267606,4.0926420454545465,6.7138235294117665,4.803142076502732,5.284421364985163
South Dakota,FIPS:46,0.3183935742971888,0.3614342629482072,0.2531640625,0.884779411764706,5.4429591836734685,4.160931034482759,3.4287205387205386,3.628105263157895,1.496021505376344,1.3932978723404257,1.0804887218045112,1.1712749003984064,0.2879693486590038,0.602,1.1387596899224803,3.5840433212996388,2.8477663230240555,1.8627017543859643,2.970352112676056,2.93521897810219,2.256787003610108,1.406037037037037,0.9976717557251908,1.26155737704918,0.6765853658536586,0.3743724696356275,0.6275510204081634,2.0018846153846157,2.3848161764705886,2.4719927536231885,2.154767025089606,3.4804710144927538,2.6755516014234875,1.492313432835821,0.2285823754789272,0.4511814345991561,0.3109716599190283,0.9554655870445344,1.5651821862348176,1.7679116465863456,2.815261194029851,5.0892753623188405,3.802036363636363,2.2534558823529416,2.804303797468355
Tennessee,FIPS:47,2.9675245098039214,4.3713066666666665,5.281984536082473,6.17952736318408,3.5703816793893126,4.80760101010101,7.028056994818653,4.342513089005236,2.7883419689119178,4.036756032171582,5.926151832460734,7.784605597964378,2.897907608695652,6.0396042216358845,4.424961038961039,3.0314141414141416,3.878015873015873,4.3127559055118105,5.7311590296495964,4.9544827586206885,1.816439790575916,0.5827792207792208,2.9080310880829017,7.226208791208793,4.2022894736842105,2.231530343007916,5.877046632124353,6.7762239583333335,6.100215633423179,4.476204188481675,5.619402597402598,4.91352,4.911385390428212,4.912058823529412,2.9157105263157894,4.6626301369863015,2.3129838709677415,10.426402116402118,5.7484126984126975,6.049896640826873,4.756358695652175,5.734175824175823,3.719162011173185,4.453278236914599,7.415494186046512
Texas,FIPS:48,3.3419199999999996,1.21442,4.3238900000000005,4.7219500000000005,11.420910000000001,4.21778,1.0504,1.31128,1.62132,8.404919999999999,4.440879999999999,2.8932700000000002,1.18288,1.46228,3.93296,6.01657,6.606379999999999,3.86619,1.5992800000000005,6.72655,2.95867,0.6273,2.94509,2.8279,2.92233,2.42303,2.39507,2.92941,2.43988,3.65915,1.8412099999999998,9.87942,2.3741800000000004,1.34725,0.93417,3.0777400000000004,0.8381299999999999,3.2701899999999995,3.0611,1.21475,2.37814,2.3345700000000003,2.2993,2.1148700000000002,9.26298
Utah,FIPS:49,1.1481672025723473,0.9093569131832796,1.1323028391167194,1.7210322580645159,4.187299035369775,0.9241955835962145,1.5771844660194176,1.5278274760383388,1.3428753993610223,1.873508196721312,1.6141423948220066,2.6737333333333333,2.556721854304636,1.0133770491803278,2.230622950819672,2.4247419354838717,2.108940397350993,0.44471571906354507,0.5372727272727273,0.9085714285714284,2.9412786885245903,1.4277591973244148,1.7587542087542083,3.2341666666666664,4.500719178082191,3.012517006802721,2.174514767932489,1.9665789473684208,0.8404255319148937,0.28038793103448273,1.3160344827586206,0.9042735042735044,1.9596218487394963,0.24563318777292575,0.9958091286307056,0.6945991561181435,1.2221338912133892,1.1454310344827587,1.95530701754386,1.358565400843882,1.2813362068965517,0.09194805194805196,0.8503097345132742,0.9405627705627704,0.10115207373271892
Vermont,FIPS:50,2.6310526315789478,1.6461333333333332,1.3886486486486485,2.695,3.0884415584415583,8.829199999999998,4.425454545454546,2.854383561643836,4.626708860759495,3.5859740259740263,1.7064383561643837,4.727162162162162,1.6097142857142857,4.48974025974026,2.92281690140845,2.7724999999999995,2.8080769230769236,3.6211392405063285,4.216623376623376,5.133827160493827,2.260340909090909,3.6995348837209305,2.792134831460674,3.680963855421687,2.62875,3.0105319148936167,3.2551724137931037,4.410681818181818,5.6974193548387095,6.836382978723407,4.4611827956989245,3.5846739130434777,2.8301098901098896,5.387391304347826,2.426341463414634,3.1144578313253013,3.453181818181818,2.6801176470588235,3.0570731707317074,4.713863636363637,2.1497752808988766,3.325287356321839,3.9789534883720936,3.61325,3.8735714285714287
Virginia,FIPS:51,2.6328014184397164,2.4104214559386974,3.660708955223881,4.319861111111111,2.14327067669173,7.058961937716262,4.970640569395019,2.4561428571428574,5.630854092526691,4.817388316151203,3.7665934065934064,4.819695817490494,3.13848,4.7028888888888885,2.136816479400749,2.288669064748201,6.672830188679246,4.827445255474452,4.940072463768116,3.067255639097745,6.257925925925925,4.072820512820513,1.1988888888888891,3.114220532319392,3.918404669260701,0.8151785714285714,2.983150183150184,4.963369175627241,7.347282229965155,3.3240000000000003,4.216782006920416,5.506188811188811,2.1080357142857142,4.384361702127658,1.338683274021352,1.1286971830985917,2.64173285198556,4.0020070422535206,3.1150729927007297,4.254432624113475,7.111586206896553,5.504255319148935,6.2434154929577454,5.396835016835016,8.019345454545453
Washington,FIPS:53,5.059891304347826,4.611648106904231,4.519553571428571,2.030179775280899,1.2110089686098655,0.4675377969762418,0.44101123595505626,1.6019956140350875,1.8016222222222218,4.375223214285714,8.206709956709958,12.006659793814432,7.164815573770492,5.5222107438016526,7.008153526970954,1.6678924731182794,1.4844565217391303,2.03863436123348,1.0121719457013576,0.3509429824561404,1.870353982300885,10.004291938997822,7.635267489711934,5.191133786848073,3.7488017429193903,7.410711009174312,8.715798687089716,4.627017543859648,2.6473529411764707,1.676605504587156,0.042701525054466234,0.16614155251141555,1.4100883002207505,5.39963963963964,8.996029411764708,5.531704545454545,8.073744394618831,4.540550660792952,3.256926503340757,5.721597222222222,0.8182648401826483,1.4987126436781608,0.20833333333333331,0.4215348837209303,1.8651815980629536
West Virginia,FIPS:54,2.4197321428571428,2.554545454545455,5.39283185840708,6.118070175438597,2.2447457627118648,6.328034188034188,5.969636363636364,2.679482758620689,3.8694782608695646,2.6579310344827594,2.2080701754385963,4.671061946902654,2.666666666666668,3.727565217391304,2.6915596330275218,3.0293965517241377,5.901696428571428,5.914913793103449,4.971637931034484,3.631583333333333,2.779478260869565,3.4880672268907564,1.7936607142857142,4.6016379310344835,4.809652173913044,1.8774107142857144,4.399385964912281,4.356576576576576,5.903083333333334,4.619752066115703,6.8031578947368425,3.2201694915254238,1.864873949579832,5.137372881355931,2.485486725663717,1.9010000000000005,3.2020535714285714,6.7344247787610625,3.867999999999999,4.887767857142856,6.076722689075633,6.275862068965517,4.698378378378378,5.463652173913044,9.420096153846156
Wisconsin,FIPS:55,0.5806734006734006,0.5179054054054054,0.7239527027027026,3.2039197530864203,4.415756676557863,4.2010574018126885,3.5194970414201188,4.0004719764011805,4.469271137026238,2.4184477611940296,3.6233542319749215,4.456547231270359,0.8590333333333334,0.8524662162162162,3.932814569536424,2.167165109034268,3.082023121387284,5.02740412979351,4.9133430232558135,5.113198847262248,5.7463788300835645,3.2211209439528026,1.845288753799392,2.10010067114094,2.186744966442953,1.3396103896103897,2.452218543046358,4.706526946107784,4.732571428571429,5.8723410404624286,5.027670454545454,3.866771428571428,1.586685552407932,4.185953079178886,1.0005309734513272,0.9507165109034268,1.3503333333333334,1.8486956521739133,0.83797583081571,2.8807780979827093,5.364815789473685,5.541715817694371,3.0835945945945937,6.811290322580645,5.540364145658264
Wyoming,FIPS:56,0.768021978021978,1.0932044198895028,0.6392972972972973,1.98392,4.966042780748664,1.8185416666666667,1.6778142076502731,0.9266666666666666,0.7159052924791086,1.3918082191780825,1.2311602209944752,1.3246610169491524,1.0906027397260274,0.892554347826087,2.3788121546961327,2.8590082644628105,2.676022099447513,0.7853763440860214,0.8296694214876031,0.9115760869565216,2.122146739130435,2.01032,0.9867887323943664,2.152057971014493,1.9100579710144932,2.269250720461095,2.025738636363636,3.3161325966850828,2.112568306010929,1.2598904109589042,1.0870619946091644,0.9904098360655738,2.416897506925208,0.9766759002770082,1.7708092485549132,1.2189442815249265,1.126123595505618,1.4472144846796655,1.6056302521008403,1.7094508670520232,3.5,2.1288705234159777,1.3935195530726256,1.0813055555555555,0.3981626506024096
